FNR,Fingerprint,Finger prints of the applicant,eng,t,superadmin,2021-05-21 14:02:21.554916,,,f,
IRS,Iris,Iris of the applicant,eng,t,superadmin,2021-05-21 14:02:21.554916,,,f,
PHT,Photo,Photo of the face of the applicant,eng,t,superadmin,2021-05-21 14:02:21.554916,,,f,
FNR,بصمة الإصبع,بصمات الأصابع لمقدم الطلب,ara,t,superadmin,2021-05-21 14:02:21.554916,,,f,
IRS,قزحية العين,آيريس لمقدم الطلب,ara,t,superadmin,2021-05-21 14:02:21.554916,,,f,
PHT,صور,صورة لوجه مقدم الطلب,ara,t,superadmin,2021-05-21 14:02:21.554916,,,f,
FNR,Empreintes digitales,Empreintes digitales du demandeur,fra,t,superadmin,2021-05-21 14:02:21.554916,,,f,
IRS,Iris,Iris du demandeur,fra,t,superadmin,2021-05-21 14:02:21.554916,,,f,
PHT,Photo,Photo du visage du demandeur,fra,t,superadmin,2021-05-21 14:02:21.554916,,,f,
