FNR,Fingerprint,Finger prints of the applicant,eng,t,superadmin,2021-01-29 09:30:09.890117,,,,
IRS,Iris,Iris of the applicant,eng,t,superadmin,2021-01-29 09:30:09.890117,,,,
PHT,Photo,Photo of the face of the applicant,eng,t,superadmin,2021-01-29 09:30:09.890117,,,,
FNR,بصمة الإصبع,بصمات الأصابع لمقدم الطلب,ara,t,superadmin,2021-01-29 09:30:09.890117,,,,
IRS,قزحية العين,آيريس لمقدم الطلب,ara,t,superadmin,2021-01-29 09:30:09.890117,,,,
PHT,صور,صورة لوجه مقدم الطلب,ara,t,superadmin,2021-01-29 09:30:09.890117,,,,
FNR,Empreintes digitales,Empreintes digitales du demandeur,fra,t,superadmin,2021-01-29 09:30:09.890117,,,,
IRS,Iris,Iris du demandeur,fra,t,superadmin,2021-01-29 09:30:09.890117,,,,
PHT,Photo,Photo du visage du demandeur,fra,t,superadmin,2021-01-29 09:30:09.890117,,,,
FNR,ඇඟිලි සලකුණු,අයදුම්කරුගේ ඇඟිලි සලකුණු,sin,t,superadmin,2021-03-18 15:00:00.843744,,,,
IRS,ඇස,අයදුම්කරුගේ ඇස,sin,t,superadmin,2021-03-18 15:00:00.843744,,,,
PHT,ඡායා රූප,අයදුම්කරුගේ මුහුණෙහි ඡායාරූපය,sin,t,superadmin,2021-03-18 15:00:00.843744,,,,
