101,ඉරිදා,1,f,sin,t,superadmin,2021-03-18 15:00:00.843744,,,,
102,සඳුදා,2,t,sin,t,superadmin,2021-03-18 15:00:00.843744,,,,
103,අඟහරුවාදා,3,t,sin,t,superadmin,2021-03-18 15:00:00.843744,,,,
104,බදාදා,4,t,sin,t,superadmin,2021-03-18 15:00:00.843744,,,,
105,බ්‍රහස්පතින්දා,5,t,sin,t,superadmin,2021-03-18 15:00:00.843744,,,,
106,සිකුරාදා,6,t,sin,t,superadmin,2021-03-18 15:00:00.843744,,,,
107,සෙනසුරාදා,7,f,sin,t,superadmin,2021-03-18 15:00:00.843744,,,,
