101,SUN,1,f,eng,t,superadmin,2021-01-29 09:30:11.293971,,,,
102,MON,2,t,eng,t,superadmin,2021-01-29 09:30:11.293971,,,,
103,TUE,3,t,eng,t,superadmin,2021-01-29 09:30:11.293971,,,,
104,WED,4,t,eng,t,superadmin,2021-01-29 09:30:11.293971,,,,
105,THU,5,t,eng,t,superadmin,2021-01-29 09:30:11.293971,,,,
106,FRI,6,t,eng,t,superadmin,2021-01-29 09:30:11.293971,,,,
107,SAT,7,f,eng,t,superadmin,2021-01-29 09:30:11.293971,,,,
101,الاحد,1,f,ara,t,superadmin,2021-01-29 09:30:11.293971,,,,
102,الاثنين,2,t,ara,t,superadmin,2021-01-29 09:30:11.293971,,,,
103,الثلاثاء,3,t,ara,t,superadmin,2021-01-29 09:30:11.293971,,,,
104,الاربعاء,4,t,ara,t,superadmin,2021-01-29 09:30:11.293971,,,,
105,الخميس,5,t,ara,t,superadmin,2021-01-29 09:30:11.293971,,,,
106,الجمعه,6,t,ara,t,superadmin,2021-01-29 09:30:11.293971,,,,
107,السبت,7,f,ara,t,superadmin,2021-01-29 09:30:11.293971,,,,
101,DIM,1,f,fra,t,superadmin,2021-01-29 09:30:11.293971,,,,
102,LUN,2,t,fra,t,superadmin,2021-01-29 09:30:11.293971,,,,
103,MAR,3,t,fra,t,superadmin,2021-01-29 09:30:11.293971,,,,
104,MER,4,t,fra,t,superadmin,2021-01-29 09:30:11.293971,,,,
105,JEU,5,t,fra,t,superadmin,2021-01-29 09:30:11.293971,,,,
106,VEN,6,t,fra,t,superadmin,2021-01-29 09:30:11.293971,,,,
107,SAM,7,f,fra,t,superadmin,2021-01-29 09:30:11.293971,,,,
101,ඉරිදා,1,f,sin,t,superadmin,2021-03-18 15:00:00.843744,,,,
102,සඳුදා,2,t,sin,t,superadmin,2021-03-18 15:00:00.843744,,,,
103,අඟහරුවාදා,3,t,sin,t,superadmin,2021-03-18 15:00:00.843744,,,,
104,බදාදා,4,t,sin,t,superadmin,2021-03-18 15:00:00.843744,,,,
105,බ්‍රහස්පතින්දා,5,t,sin,t,superadmin,2021-03-18 15:00:00.843744,,,,
106,සිකුරාදා,6,t,sin,t,superadmin,2021-03-18 15:00:00.843744,,,,
107,සෙනසුරාදා,7,f,sin,t,superadmin,2021-03-18 15:00:00.843744,,,,
