101,SUN,1,f,eng,t,superadmin,2021-05-21 14:02:21.879123,,,f,
102,MON,2,t,eng,t,superadmin,2021-05-21 14:02:21.879123,,,f,
103,TUE,3,t,eng,t,superadmin,2021-05-21 14:02:21.879123,,,f,
104,WED,4,t,eng,t,superadmin,2021-05-21 14:02:21.879123,,,f,
105,THU,5,t,eng,t,superadmin,2021-05-21 14:02:21.879123,,,f,
106,FRI,6,t,eng,t,superadmin,2021-05-21 14:02:21.879123,,,f,
107,SAT,7,f,eng,t,superadmin,2021-05-21 14:02:21.879123,,,f,
101,الاحد,1,f,ara,t,superadmin,2021-05-21 14:02:21.879123,,,f,
102,الاثنين,2,t,ara,t,superadmin,2021-05-21 14:02:21.879123,,,f,
103,الثلاثاء,3,t,ara,t,superadmin,2021-05-21 14:02:21.879123,,,f,
104,الاربعاء,4,t,ara,t,superadmin,2021-05-21 14:02:21.879123,,,f,
105,الخميس,5,t,ara,t,superadmin,2021-05-21 14:02:21.879123,,,f,
106,الجمعه,6,t,ara,t,superadmin,2021-05-21 14:02:21.879123,,,f,
107,السبت,7,f,ara,t,superadmin,2021-05-21 14:02:21.879123,,,f,
101,DIM,1,f,fra,t,superadmin,2021-05-21 14:02:21.879123,,,f,
102,LUN,2,t,fra,t,superadmin,2021-05-21 14:02:21.879123,,,f,
103,MAR,3,t,fra,t,superadmin,2021-05-21 14:02:21.879123,,,f,
104,MER,4,t,fra,t,superadmin,2021-05-21 14:02:21.879123,,,f,
105,JEU,5,t,fra,t,superadmin,2021-05-21 14:02:21.879123,,,f,
106,VEN,6,t,fra,t,superadmin,2021-05-21 14:02:21.879123,,,f,
107,SAM,7,f,fra,t,superadmin,2021-05-21 14:02:21.879123,,,f,
