165,Fingerprint Scanner,Safran Morpho,1300 E2,FRS,1.12,To scan fingerprint,fra,t,superadmin,2021-01-29 09:30:12.027855,,,,
165,فِنرِّنت سCَنّر,سافران مورفو,1301 E2,FRS,1.12,لمسح بصمة,ara,t,superadmin,2021-01-29 09:30:12.027855,,,,
165,Fingerprint Scanner,Safran Morpho,1300 E2,FRS,1.12,To scan fingerprint,eng,t,superadmin,2021-01-29 09:30:12.027855,,,,
327,High Speed Dual Iris Scanner,Cogent,3M,IRS,2.34,To scan iris,fra,t,superadmin,2021-01-29 09:30:12.027855,,,,
327,هِغ سد دَُل ِرِس سCَنّر,نّت,3M,IRS,2.34,لمسح قزحية العين,ara,t,superadmin,2021-01-29 09:30:12.027855,,,,
327,High Speed Dual Iris Scanner,Cogent,3M,IRS,2.34,To scan iris,eng,t,superadmin,2021-01-29 09:30:12.027855,,,,
736,Webcam,Logitech,C270,CMR,2.086,To capture photo,fra,t,superadmin,2021-01-29 09:30:12.027855,,,,
736,كاميرا ويب,لوجيتك,C270,CMR,2.086,لالتقاط صورة,ara,t,superadmin,2021-01-29 09:30:12.027855,,,,
736,Webcam,Logitech,C270,CMR,2.086,To capture photo,eng,t,superadmin,2021-01-29 09:30:12.027855,,,,
801,imageFORMULA,Canon,DR-C130,SCN,1.02,To scan documents,fra,t,superadmin,2021-01-29 09:30:12.027855,,,,
801,صورة الصيغة,َنّ,DR-C131,SCN,1.02,لمسح المستندات ضوئيًا,ara,t,superadmin,2021-01-29 09:30:12.027855,,,,
801,imageFORMULA,Canon,DR-C130,SCN,1.02,To scan documents,eng,t,superadmin,2021-01-29 09:30:12.027855,,,,
920,Single Function Inkjet,Canon,TS207,PRT,1.123,To print documents,fra,t,superadmin,2021-01-29 09:30:12.027855,,,,
920,سِنل فُنتٍ ِنكجت,َنّ,TS207,PRT,1.123,لطباعة الوثائق,ara,t,superadmin,2021-01-29 09:30:12.027855,,,,
920,Single Function Inkjet,Canon,TS207,PRT,1.123,To print documents,eng,t,superadmin,2021-01-29 09:30:12.027855,,,,
8666c711-2082-44de-a312-3da3b55cd24d,Camera,Camera,C615,CMR,string,To capture photo,eng,f,110122,2021-02-24 07:39:02.896418,,,,
596d9586-8217-4a22-a598-8b37e8840271,Camera,Finger Scanner,FRO900,FRS,string,To capture FRS,eng,f,110122,2021-02-24 10:29:41.468887,,,,
226db5c1-51a9-40d7-9ce5-e7646a0182a1,Camera,Camera,C615,CMR,string,To capture photo,eng,f,110122,2021-02-24 12:11:08.318774,,,,
fbbb46f7-8626-43c6-bec1-bc4305a4ef82,Camera,Camera,FACE01,CMR,string,To capture photo,eng,t,110122,2021-03-10 08:22:57.664293,,,,
9723e016-205f-49ab-84f0-7eed5d7b2b04,Camera,Camera,MFACE,CMR,string,To capture photo,eng,t,110122,2021-03-10 09:57:09.979061,,,,
a381b911-dd7e-444e-b439-0921b4be21b5,Camera,Double Iris,MATISDX,IRS,string,To capture Iris,eng,t,110122,2021-03-10 10:04:52.716685,,,,
812cd8de-5067-4224-8fde-e404fd6d8e2a,Camera,Finger Scanner,MORPHS60,FRS,string,To capture FRS,eng,t,110122,2021-03-10 10:12:46.258407,,,,
2a318014-8bea-4320-aecb-814dd923a5f6,Camera,Finger Scanner,MORPHS60,FRS,string,To capture FRS,eng,t,110122,2021-03-10 11:38:47.826302,,,,
69cda93f-a3c4-456e-a292-e33240c1ad03,Camera,Double Iris,MATISDX,IRS,string,To capture Iris,eng,t,110122,2021-03-12 13:13:13.910865,,,,
eda70baa-9941-4bc1-b51e-0af7c623c75a,Camera,Double Iris,MATISDX,IRS,string,To capture Iris,eng,t,110122,2021-03-12 13:20:32.889645,,,,
fd466965-0fd7-4033-af3c-d259b61516ac,Camera,Double Iris,MATISX,IRS,string,To capture Iris,eng,t,110122,2021-03-10 11:30:53.371554,,,,
3d66c37d-e0e7-4106-9a4f-af46acc89519,Camera,Camera,C615,CMR,string,To capture Photo,eng,t,110122,2021-03-19 17:54:13.224066,,,,
5f4ba442-3ff9-4e9e-b237-d7a2781d30b8,Camera,Camera,C615,CMR,string,To capture Photo,eng,t,110122,2021-03-19 18:19:01.305888,,,,
18cf91d4-1f22-4fac-b0c0-ec1acab9b2b6,Camera,Camera,C615,CMR,string,To capture Photo,eng,t,110122,2021-03-19 19:04:22.676386,,,,
4cb5d0c2-7ea0-449b-907b-f041913f3cb8,Camera,Double Iris,TCI322,IRS,string,To capture Iris,eng,t,110122,2021-04-12 10:40:35.987123,,,,
23795f27-c85a-4997-a595-baf87e4084db,Camera,Finger Scanner,FRO900,FRS,string,To capture FRS,eng,t,110122,2021-04-12 11:11:46.487669,,,,
d0ab4fd9-67c8-405c-b63f-3d2507eb87b8,Camera,Double Iris,BK2121U,IRS,string,To capture Iris,eng,t,110006,2021-05-25 10:30:31.562414,,,,
f85b2de8-ff99-48cc-81db-6ddd5eeb3a9d,Camera,Double Iris,BK2121U,IRS,string,To capture Iris,eng,t,110006,2021-05-25 10:54:33.421293,,,,
7173f222-8313-49b8-85e8-4932e9185f5f,Camera,Double Iris,BK2121U,IRS,string,To capture Iris,eng,t,110122,2021-05-25 11:20:56.418548,,,,
1bea96a9-e086-4356-a724-58e809418415,Camera,Double Iris,BK2121U,IRS,string,To capture Iris,eng,t,110122,2021-05-25 11:57:17.545652,,,,
