1001,Mock IRIS Scanner,85-BB-97-4B-14-99,3456789012,,,327,RBT,10001,eng,t,superadmin,2021-05-21 14:02:22.219917,,,f,
1002,Mock IRIS Scanner,85-BB-97-4B-14-05,3456789012,,,327,KTA,10002,eng,t,superadmin,2021-01-29 09:30:12.538234,,,,
2002,Mock FingerPrint Scanner,85-BB-97-4B-14-05,1234567890,,,165,KTA,10002,eng,t,superadmin,2021-01-29 09:30:12.538234,,,,
3002,Mock Camera,85-BB-97-4B-14-05,2345678901,,,736,KTA,10002,eng,t,superadmin,2021-01-29 09:30:12.538234,,,,
1002,Mock IRIS Scanner,85-BB-97-4B-14-05,3456789012,,,327,KTA,10002,ara,t,superadmin,2021-01-29 09:30:12.538234,,,,
2002,Mock FingerPrint Scanner,85-BB-97-4B-14-05,1234567890,,,165,KTA,10002,ara,t,superadmin,2021-01-29 09:30:12.538234,,,,
3002,Mock Camera,85-BB-97-4B-14-05,2345678901,,,736,KTA,10002,ara,t,superadmin,2021-01-29 09:30:12.538234,,,,
1002,Mock IRIS Scanner,85-BB-97-4B-14-05,3456789012,,,327,KTA,10002,fra,t,superadmin,2021-01-29 09:30:12.538234,,,,
2002,Mock FingerPrint Scanner,85-BB-97-4B-14-05,1234567890,,,165,KTA,10002,fra,t,superadmin,2021-01-29 09:30:12.538234,,,,
3002,Mock Camera,85-BB-97-4B-14-05,2345678901,,,736,KTA,10002,fra,t,superadmin,2021-01-29 09:30:12.538234,,,,
1003,Mock IRIS Scanner,85-BB-97-4B-14-05,3456789012,,,327,SAL,10003,eng,t,superadmin,2021-01-29 09:30:12.538234,,,,
2003,Mock FingerPrint Scanner,85-BB-97-4B-14-05,1234567890,,,165,SAL,10003,eng,t,superadmin,2021-01-29 09:30:12.538234,,,,
3003,Mock Camera,85-BB-97-4B-14-05,2345678901,,,736,SAL,10003,eng,t,superadmin,2021-01-29 09:30:12.538234,,,,
1003,Mock IRIS Scanner,85-BB-97-4B-14-05,3456789012,,,327,SAL,10003,ara,t,superadmin,2021-01-29 09:30:12.538234,,,,
2003,Mock FingerPrint Scanner,85-BB-97-4B-14-05,1234567890,,,165,SAL,10003,ara,t,superadmin,2021-01-29 09:30:12.538234,,,,
3003,Mock Camera,85-BB-97-4B-14-05,2345678901,,,736,SAL,10003,ara,t,superadmin,2021-01-29 09:30:12.538234,,,,
1003,Mock IRIS Scanner,85-BB-97-4B-14-05,3456789012,,,327,SAL,10003,fra,t,superadmin,2021-01-29 09:30:12.538234,,,,
2003,Mock FingerPrint Scanner,85-BB-97-4B-14-05,1234567890,,,165,SAL,10003,fra,t,superadmin,2021-01-29 09:30:12.538234,,,,
3003,Mock Camera,85-BB-97-4B-14-05,2345678901,,,736,SAL,10003,fra,t,superadmin,2021-01-29 09:30:12.538234,,,,
1004,Mock IRIS Scanner,85-BB-97-4B-14-05,3456789012,,,327,RBT,10004,eng,t,superadmin,2021-01-29 09:30:12.538234,,,,
2004,Mock FingerPrint Scanner,85-BB-97-4B-14-05,1234567890,,,165,RBT,10004,eng,t,superadmin,2021-01-29 09:30:12.538234,,,,
3004,Mock Camera,85-BB-97-4B-14-05,2345678901,,,736,RBT,10004,eng,t,superadmin,2021-01-29 09:30:12.538234,,,,
1004,Mock IRIS Scanner,85-BB-97-4B-14-05,3456789012,,,327,RBT,10004,ara,t,superadmin,2021-01-29 09:30:12.538234,,,,
2004,Mock FingerPrint Scanner,85-BB-97-4B-14-05,1234567890,,,165,RBT,10004,ara,t,superadmin,2021-01-29 09:30:12.538234,,,,
3004,Mock Camera,85-BB-97-4B-14-05,2345678901,,,736,RBT,10004,ara,t,superadmin,2021-01-29 09:30:12.538234,,,,
1004,Mock IRIS Scanner,85-BB-97-4B-14-05,3456789012,,,327,RBT,10004,fra,t,superadmin,2021-01-29 09:30:12.538234,,,,
2004,Mock FingerPrint Scanner,85-BB-97-4B-14-05,1234567890,,,165,RBT,10004,fra,t,superadmin,2021-01-29 09:30:12.538234,,,,
3004,Mock Camera,85-BB-97-4B-14-05,2345678901,,,736,RBT,10004,fra,t,superadmin,2021-01-29 09:30:12.538234,,,,
1005,Mock IRIS Scanner,85-BB-97-4B-14-05,3456789012,,,327,BSN,10005,eng,t,superadmin,2021-01-29 09:30:12.538234,,,,
2005,Mock FingerPrint Scanner,85-BB-97-4B-14-05,1234567890,,,165,BSN,10005,eng,t,superadmin,2021-01-29 09:30:12.538234,,,,
3005,Mock Camera,85-BB-97-4B-14-05,2345678901,,,736,BSN,10005,eng,t,superadmin,2021-01-29 09:30:12.538234,,,,
1005,Mock IRIS Scanner,85-BB-97-4B-14-05,3456789012,,,327,BSN,10005,ara,t,superadmin,2021-01-29 09:30:12.538234,,,,
2005,Mock FingerPrint Scanner,85-BB-97-4B-14-05,1234567890,,,165,BSN,10005,ara,t,superadmin,2021-01-29 09:30:12.538234,,,,
3005,Mock Camera,85-BB-97-4B-14-05,2345678901,,,736,BSN,10005,ara,t,superadmin,2021-01-29 09:30:12.538234,,,,
1005,Mock IRIS Scanner,85-BB-97-4B-14-05,3456789012,,,327,BSN,10005,fra,t,superadmin,2021-01-29 09:30:12.538234,,,,
2005,Mock FingerPrint Scanner,85-BB-97-4B-14-05,1234567890,,,165,BSN,10005,fra,t,superadmin,2021-01-29 09:30:12.538234,,,,
3005,Mock Camera,85-BB-97-4B-14-05,2345678901,,,736,BSN,10005,fra,t,superadmin,2021-01-29 09:30:12.538234,,,,
1006,Mock IRIS Scanner,85-BB-97-4B-14-05,3456789012,,,327,NDR,10006,eng,t,superadmin,2021-01-29 09:30:12.538234,,,,
2006,Mock FingerPrint Scanner,85-BB-97-4B-14-05,1234567890,,,165,NDR,10006,eng,t,superadmin,2021-01-29 09:30:12.538234,,,,
3006,Mock Camera,85-BB-97-4B-14-05,2345678901,,,736,NDR,10006,eng,t,superadmin,2021-01-29 09:30:12.538234,,,,
1006,Mock IRIS Scanner,85-BB-97-4B-14-05,3456789012,,,327,NDR,10006,ara,t,superadmin,2021-01-29 09:30:12.538234,,,,
2006,Mock FingerPrint Scanner,85-BB-97-4B-14-05,1234567890,,,165,NDR,10006,ara,t,superadmin,2021-01-29 09:30:12.538234,,,,
3006,Mock Camera,85-BB-97-4B-14-05,2345678901,,,736,NDR,10006,ara,t,superadmin,2021-01-29 09:30:12.538234,,,,
1006,Mock IRIS Scanner,85-BB-97-4B-14-05,3456789012,,,327,NDR,10006,fra,t,superadmin,2021-01-29 09:30:12.538234,,,,
2006,Mock FingerPrint Scanner,85-BB-97-4B-14-05,1234567890,,,165,NDR,10006,fra,t,superadmin,2021-01-29 09:30:12.538234,,,,
3006,Mock Camera,85-BB-97-4B-14-05,2345678901,,,736,NDR,10006,fra,t,superadmin,2021-01-29 09:30:12.538234,,,,
1007,Mock IRIS Scanner,85-BB-97-4B-14-05,3456789012,,,327,STT,10007,eng,t,superadmin,2021-01-29 09:30:12.538234,,,,
2007,Mock FingerPrint Scanner,85-BB-97-4B-14-05,1234567890,,,165,STT,10007,eng,t,superadmin,2021-01-29 09:30:12.538234,,,,
3007,Mock Camera,85-BB-97-4B-14-05,2345678901,,,736,STT,10007,eng,t,superadmin,2021-01-29 09:30:12.538234,,,,
1007,Mock IRIS Scanner,85-BB-97-4B-14-05,3456789012,,,327,STT,10007,ara,t,superadmin,2021-01-29 09:30:12.538234,,,,
2007,Mock FingerPrint Scanner,85-BB-97-4B-14-05,1234567890,,,165,STT,10007,ara,t,superadmin,2021-01-29 09:30:12.538234,,,,
3007,Mock Camera,85-BB-97-4B-14-05,2345678901,,,736,STT,10007,ara,t,superadmin,2021-01-29 09:30:12.538234,,,,
1007,Mock IRIS Scanner,85-BB-97-4B-14-05,3456789012,,,327,STT,10007,fra,t,superadmin,2021-01-29 09:30:12.538234,,,,
2007,Mock FingerPrint Scanner,85-BB-97-4B-14-05,1234567890,,,165,STT,10007,fra,t,superadmin,2021-01-29 09:30:12.538234,,,,
3007,Mock Camera,85-BB-97-4B-14-05,2345678901,,,736,STT,10007,fra,t,superadmin,2021-01-29 09:30:12.538234,,,,
1008,Mock IRIS Scanner,85-BB-97-4B-14-05,3456789012,,,327,SAF,10008,eng,t,superadmin,2021-01-29 09:30:12.538234,,,,
2008,Mock FingerPrint Scanner,85-BB-97-4B-14-05,1234567890,,,165,SAF,10008,eng,t,superadmin,2021-01-29 09:30:12.538234,,,,
3008,Mock Camera,85-BB-97-4B-14-05,2345678901,,,736,SAF,10008,eng,t,superadmin,2021-01-29 09:30:12.538234,,,,
1008,Mock IRIS Scanner,85-BB-97-4B-14-05,3456789012,,,327,SAF,10008,ara,t,superadmin,2021-01-29 09:30:12.538234,,,,
2008,Mock FingerPrint Scanner,85-BB-97-4B-14-05,1234567890,,,165,SAF,10008,ara,t,superadmin,2021-01-29 09:30:12.538234,,,,
3008,Mock Camera,85-BB-97-4B-14-05,2345678901,,,736,SAF,10008,ara,t,superadmin,2021-01-29 09:30:12.538234,,,,
1008,Mock IRIS Scanner,85-BB-97-4B-14-05,3456789012,,,327,SAF,10008,fra,t,superadmin,2021-01-29 09:30:12.538234,,,,
2008,Mock FingerPrint Scanner,85-BB-97-4B-14-05,1234567890,,,165,SAF,10008,fra,t,superadmin,2021-01-29 09:30:12.538234,,,,
3008,Mock Camera,85-BB-97-4B-14-05,2345678901,,,736,SAF,10008,fra,t,superadmin,2021-01-29 09:30:12.538234,,,,
1009,Mock IRIS Scanner,85-BB-97-4B-14-05,3456789012,,,327,YSF,10009,eng,t,superadmin,2021-01-29 09:30:12.538234,,,,
2009,Mock FingerPrint Scanner,85-BB-97-4B-14-05,1234567890,,,165,YSF,10009,eng,t,superadmin,2021-01-29 09:30:12.538234,,,,
3009,Mock Camera,85-BB-97-4B-14-05,2345678901,,,736,YSF,10009,eng,t,superadmin,2021-01-29 09:30:12.538234,,,,
1009,Mock IRIS Scanner,85-BB-97-4B-14-05,3456789012,,,327,YSF,10009,ara,t,superadmin,2021-01-29 09:30:12.538234,,,,
2009,Mock FingerPrint Scanner,85-BB-97-4B-14-05,1234567890,,,165,YSF,10009,ara,t,superadmin,2021-01-29 09:30:12.538234,,,,
3009,Mock Camera,85-BB-97-4B-14-05,2345678901,,,736,YSF,10009,ara,t,superadmin,2021-01-29 09:30:12.538234,,,,
1009,Mock IRIS Scanner,85-BB-97-4B-14-05,3456789012,,,327,YSF,10009,fra,t,superadmin,2021-01-29 09:30:12.538234,,,,
2009,Mock FingerPrint Scanner,85-BB-97-4B-14-05,1234567890,,,165,YSF,10009,fra,t,superadmin,2021-01-29 09:30:12.538234,,,,
3009,Mock Camera,85-BB-97-4B-14-05,2345678901,,,736,YSF,10009,fra,t,superadmin,2021-01-29 09:30:12.538234,,,,
1011,Mock IRIS Scanner,85-BB-97-4B-14-05,3456789012,,,327,TZT,10011,eng,t,superadmin,2021-01-29 09:30:12.538234,,,,
2011,Mock FingerPrint Scanner,85-BB-97-4B-14-05,1234567890,,,165,TZT,10011,eng,t,superadmin,2021-01-29 09:30:12.538234,,,,
3011,Mock Camera,85-BB-97-4B-14-05,2345678901,,,736,TZT,10011,eng,t,superadmin,2021-01-29 09:30:12.538234,,,,
1011,Mock IRIS Scanner,85-BB-97-4B-14-05,3456789012,,,327,TZT,10011,ara,t,superadmin,2021-01-29 09:30:12.538234,,,,
2011,Mock FingerPrint Scanner,85-BB-97-4B-14-05,1234567890,,,165,TZT,10011,ara,t,superadmin,2021-01-29 09:30:12.538234,,,,
3011,Mock Camera,85-BB-97-4B-14-05,2345678901,,,736,TZT,10011,ara,t,superadmin,2021-01-29 09:30:12.538234,,,,
1011,Mock IRIS Scanner,85-BB-97-4B-14-05,3456789012,,,327,TZT,10011,fra,t,superadmin,2021-01-29 09:30:12.538234,,,,
2011,Mock FingerPrint Scanner,85-BB-97-4B-14-05,1234567890,,,165,TZT,10011,fra,t,superadmin,2021-01-29 09:30:12.538234,,,,
3011,Mock Camera,85-BB-97-4B-14-05,2345678901,,,736,TZT,10011,fra,t,superadmin,2021-01-29 09:30:12.538234,,,,
1012,Mock IRIS Scanner,85-BB-97-4B-14-05,3456789012,,,327,SAF,10012,eng,t,superadmin,2021-01-29 09:30:12.538234,,,,
2012,Mock FingerPrint Scanner,85-BB-97-4B-14-05,1234567890,,,165,SAF,10012,eng,t,superadmin,2021-01-29 09:30:12.538234,,,,
3012,Mock Camera,85-BB-97-4B-14-05,2345678901,,,736,SAF,10012,eng,t,superadmin,2021-01-29 09:30:12.538234,,,,
1012,Mock IRIS Scanner,85-BB-97-4B-14-05,3456789012,,,327,SAF,10012,ara,t,superadmin,2021-01-29 09:30:12.538234,,,,
2012,Mock FingerPrint Scanner,85-BB-97-4B-14-05,1234567890,,,165,SAF,10012,ara,t,superadmin,2021-01-29 09:30:12.538234,,,,
3012,Mock Camera,85-BB-97-4B-14-05,2345678901,,,736,SAF,10012,ara,t,superadmin,2021-01-29 09:30:12.538234,,,,
1012,Mock IRIS Scanner,85-BB-97-4B-14-05,3456789012,,,327,SAF,10012,fra,t,superadmin,2021-01-29 09:30:12.538234,,,,
2012,Mock FingerPrint Scanner,85-BB-97-4B-14-05,1234567890,,,165,SAF,10012,fra,t,superadmin,2021-01-29 09:30:12.538234,,,,
3012,Mock Camera,85-BB-97-4B-14-05,2345678901,,,736,SAF,10012,fra,t,superadmin,2021-01-29 09:30:12.538234,,,,
4260d4be-5b33-48cd-bcf2-cdb74d6ae328,Camera,3C-2C-30-B4-00-C0,535626446,127.0.0.0,2021-12-31 06:12:52.994,8666c711-2082-44de-a312-3da3b55cd24d,NTH,10002,eng,f,110122,2021-02-24 07:39:18.632228,,,,
f943f884-2196-4700-9b7b-5fd341fcdb26,Finger Scanner,3C-2C-30-B4-00-C0,C8R1CP15256,127.0.0.0,2021-12-31 06:12:52.994,596d9586-8217-4a22-a598-8b37e8840271,NTH,10002,eng,f,110122,2021-02-24 10:29:55.360166,,,,
76f0da44-a00c-4235-8c43-c262860cafbc,Camera,3C-2C-30-B4-00-C0,535626446,127.0.0.0,2021-12-31 06:12:52.994,226db5c1-51a9-40d7-9ce5-e7646a0182a1,NTH,10002,eng,f,110122,2021-02-24 12:11:21.404097,,,,
8a25df06-4e66-4b40-b9be-ad9baa810032,Finger Scanner,A4-BB-6D-0F-BC-3E,000055555555,127.0.0.0,2021-03-12 11:54:22.377,165,RBT,10002,eng,t,110122,2021-03-12 11:54:50.593321,,,,
93ebc136-f8e6-45ad-9145-ec6ac19f40da,DOUBLE IRIS,3C-2C-30-B4-00-C0,000003621382,127.0.0.0,2020-12-31 06:12:52.994,eda70baa-9941-4bc1-b51e-0af7c623c75a,RBT,10002,eng,t,110122,2021-03-12 13:22:17.210533,,,,
75ae3f89-cd2a-44be-a94d-7f7362505b75,DOUBLE IRIS,3C-2C-30-B4-00-C0,9149775,127.0.0.0,2020-12-31 06:12:52.994,4cb5d0c2-7ea0-449b-907b-f041913f3cb8,RBT,10002,eng,t,110122,2021-04-12 10:41:36.40224,,,,
f2b05b79-de57-4dcf-b9b4-30d21fe48f51,Camera,3C-2C-30-B4-00-C0,340592560,127.0.0.0,2020-12-31 06:12:52.994,18cf91d4-1f22-4fac-b0c0-ec1acab9b2b6,RBT,10002,eng,t,110122,2021-03-19 19:09:05.525059,,,,
1d0390f8-7a84-4881-ae5f-92a4c23810d1,Finger Scanner,3C-2C-30-B4-00-C0,C8R1ET07672,127.0.0.0,2020-12-31 06:12:52.994,23795f27-c85a-4997-a595-baf87e4084db,RBT,10002,eng,t,110122,2021-04-12 11:12:37.321698,,,,
