165,Fingerprint Scanner,Safran Morpho,1300 E2,FRS,1.12,To scan fingerprint,fra,t,superadmin,2021-05-21 14:02:22.058408,,,f,
165,فِنرِّنت سCَنّر,سافران مورفو,1301 E2,FRS,1.12,لمسح بصمة,ara,t,superadmin,2021-05-21 14:02:22.058408,,,f,
165,Fingerprint Scanner,Safran Morpho,1300 E2,FRS,1.12,To scan fingerprint,eng,t,superadmin,2021-05-21 14:02:22.058408,,,f,
327,High Speed Dual Iris Scanner,Cogent,3M,IRS,2.34,To scan iris,fra,t,superadmin,2021-05-21 14:02:22.058408,,,f,
327,هِغ سد دَُل ِرِس سCَنّر,نّت,3M,IRS,2.34,لمسح قزحية العين,ara,t,superadmin,2021-05-21 14:02:22.058408,,,f,
327,High Speed Dual Iris Scanner,Cogent,3M,IRS,2.34,To scan iris,eng,t,superadmin,2021-05-21 14:02:22.058408,,,f,
736,Webcam,Logitech,C270,CMR,2.086,To capture photo,fra,t,superadmin,2021-05-21 14:02:22.058408,,,f,
736,كاميرا ويب,لوجيتك,C270,CMR,2.086,لالتقاط صورة,ara,t,superadmin,2021-05-21 14:02:22.058408,,,f,
736,Webcam,Logitech,C270,CMR,2.086,To capture photo,eng,t,superadmin,2021-05-21 14:02:22.058408,,,f,
801,imageFORMULA,Canon,DR-C130,SCN,1.02,To scan documents,fra,t,superadmin,2021-05-21 14:02:22.058408,,,f,
801,صورة الصيغة,َنّ,DR-C131,SCN,1.02,لمسح المستندات ضوئيًا,ara,t,superadmin,2021-05-21 14:02:22.058408,,,f,
801,imageFORMULA,Canon,DR-C130,SCN,1.02,To scan documents,eng,t,superadmin,2021-05-21 14:02:22.058408,,,f,
920,Single Function Inkjet,Canon,TS207,PRT,1.123,To print documents,fra,t,superadmin,2021-05-21 14:02:22.058408,,,f,
920,سِنل فُنتٍ ِنكجت,َنّ,TS207,PRT,1.123,لطباعة الوثائق,ara,t,superadmin,2021-05-21 14:02:22.058408,,,f,
920,Single Function Inkjet,Canon,TS207,PRT,1.123,To print documents,eng,t,superadmin,2021-05-21 14:02:22.058408,,,f,
