1001,Mock IRIS Scanner,85-BB-97-4B-14-05,3456789012,,,327,RBT,10001,eng,t,superadmin,2021-05-21 14:02:22.219917,,,f,
2001,Mock FingerPrint Scanner,85-BB-97-4B-14-05,1234567890,,,165,RBT,10001,eng,t,superadmin,2021-05-21 14:02:22.219917,,,f,
3001,Mock Camera,85-BB-97-4B-14-05,2345678901,,,736,RBT,10001,eng,t,superadmin,2021-05-21 14:02:22.219917,,,f,
1001,Mock IRIS Scanner,85-BB-97-4B-14-05,3456789012,,,327,RBT,10001,ara,t,superadmin,2021-05-21 14:02:22.219917,,,f,
2001,Mock FingerPrint Scanner,85-BB-97-4B-14-05,1234567890,,,165,RBT,10001,ara,t,superadmin,2021-05-21 14:02:22.219917,,,f,
3001,Mock Camera,85-BB-97-4B-14-05,2345678901,,,736,RBT,10001,ara,t,superadmin,2021-05-21 14:02:22.219917,,,f,
1001,Mock IRIS Scanner,85-BB-97-4B-14-05,3456789012,,,327,RBT,10001,fra,t,superadmin,2021-05-21 14:02:22.219917,,,f,
2001,Mock FingerPrint Scanner,85-BB-97-4B-14-05,1234567890,,,165,RBT,10001,fra,t,superadmin,2021-05-21 14:02:22.219917,,,f,
3001,Mock Camera,85-BB-97-4B-14-05,2345678901,,,736,RBT,10001,fra,t,superadmin,2021-05-21 14:02:22.219917,,,f,
1002,Mock IRIS Scanner,85-BB-97-4B-14-05,3456789012,,,327,KTA,10002,eng,t,superadmin,2021-05-21 14:02:22.219917,,,f,
2002,Mock FingerPrint Scanner,85-BB-97-4B-14-05,1234567890,,,165,KTA,10002,eng,t,superadmin,2021-05-21 14:02:22.219917,,,f,
3002,Mock Camera,85-BB-97-4B-14-05,2345678901,,,736,KTA,10002,eng,t,superadmin,2021-05-21 14:02:22.219917,,,f,
1002,Mock IRIS Scanner,85-BB-97-4B-14-05,3456789012,,,327,KTA,10002,ara,t,superadmin,2021-05-21 14:02:22.219917,,,f,
2002,Mock FingerPrint Scanner,85-BB-97-4B-14-05,1234567890,,,165,KTA,10002,ara,t,superadmin,2021-05-21 14:02:22.219917,,,f,
3002,Mock Camera,85-BB-97-4B-14-05,2345678901,,,736,KTA,10002,ara,t,superadmin,2021-05-21 14:02:22.219917,,,f,
1002,Mock IRIS Scanner,85-BB-97-4B-14-05,3456789012,,,327,KTA,10002,fra,t,superadmin,2021-05-21 14:02:22.219917,,,f,
2002,Mock FingerPrint Scanner,85-BB-97-4B-14-05,1234567890,,,165,KTA,10002,fra,t,superadmin,2021-05-21 14:02:22.219917,,,f,
3002,Mock Camera,85-BB-97-4B-14-05,2345678901,,,736,KTA,10002,fra,t,superadmin,2021-05-21 14:02:22.219917,,,f,
1003,Mock IRIS Scanner,85-BB-97-4B-14-05,3456789012,,,327,SAL,10003,eng,t,superadmin,2021-05-21 14:02:22.219917,,,f,
2003,Mock FingerPrint Scanner,85-BB-97-4B-14-05,1234567890,,,165,SAL,10003,eng,t,superadmin,2021-05-21 14:02:22.219917,,,f,
3003,Mock Camera,85-BB-97-4B-14-05,2345678901,,,736,SAL,10003,eng,t,superadmin,2021-05-21 14:02:22.219917,,,f,
1003,Mock IRIS Scanner,85-BB-97-4B-14-05,3456789012,,,327,SAL,10003,ara,t,superadmin,2021-05-21 14:02:22.219917,,,f,
2003,Mock FingerPrint Scanner,85-BB-97-4B-14-05,1234567890,,,165,SAL,10003,ara,t,superadmin,2021-05-21 14:02:22.219917,,,f,
3003,Mock Camera,85-BB-97-4B-14-05,2345678901,,,736,SAL,10003,ara,t,superadmin,2021-05-21 14:02:22.219917,,,f,
1003,Mock IRIS Scanner,85-BB-97-4B-14-05,3456789012,,,327,SAL,10003,fra,t,superadmin,2021-05-21 14:02:22.219917,,,f,
2003,Mock FingerPrint Scanner,85-BB-97-4B-14-05,1234567890,,,165,SAL,10003,fra,t,superadmin,2021-05-21 14:02:22.219917,,,f,
3003,Mock Camera,85-BB-97-4B-14-05,2345678901,,,736,SAL,10003,fra,t,superadmin,2021-05-21 14:02:22.219917,,,f,
1004,Mock IRIS Scanner,85-BB-97-4B-14-05,3456789012,,,327,RBT,10004,eng,t,superadmin,2021-05-21 14:02:22.219917,,,f,
2004,Mock FingerPrint Scanner,85-BB-97-4B-14-05,1234567890,,,165,RBT,10004,eng,t,superadmin,2021-05-21 14:02:22.219917,,,f,
3004,Mock Camera,85-BB-97-4B-14-05,2345678901,,,736,RBT,10004,eng,t,superadmin,2021-05-21 14:02:22.219917,,,f,
1004,Mock IRIS Scanner,85-BB-97-4B-14-05,3456789012,,,327,RBT,10004,ara,t,superadmin,2021-05-21 14:02:22.219917,,,f,
2004,Mock FingerPrint Scanner,85-BB-97-4B-14-05,1234567890,,,165,RBT,10004,ara,t,superadmin,2021-05-21 14:02:22.219917,,,f,
3004,Mock Camera,85-BB-97-4B-14-05,2345678901,,,736,RBT,10004,ara,t,superadmin,2021-05-21 14:02:22.219917,,,f,
1004,Mock IRIS Scanner,85-BB-97-4B-14-05,3456789012,,,327,RBT,10004,fra,t,superadmin,2021-05-21 14:02:22.219917,,,f,
2004,Mock FingerPrint Scanner,85-BB-97-4B-14-05,1234567890,,,165,RBT,10004,fra,t,superadmin,2021-05-21 14:02:22.219917,,,f,
3004,Mock Camera,85-BB-97-4B-14-05,2345678901,,,736,RBT,10004,fra,t,superadmin,2021-05-21 14:02:22.219917,,,f,
1005,Mock IRIS Scanner,85-BB-97-4B-14-05,3456789012,,,327,BSN,10005,eng,t,superadmin,2021-05-21 14:02:22.219917,,,f,
2005,Mock FingerPrint Scanner,85-BB-97-4B-14-05,1234567890,,,165,BSN,10005,eng,t,superadmin,2021-05-21 14:02:22.219917,,,f,
3005,Mock Camera,85-BB-97-4B-14-05,2345678901,,,736,BSN,10005,eng,t,superadmin,2021-05-21 14:02:22.219917,,,f,
1005,Mock IRIS Scanner,85-BB-97-4B-14-05,3456789012,,,327,BSN,10005,ara,t,superadmin,2021-05-21 14:02:22.219917,,,f,
2005,Mock FingerPrint Scanner,85-BB-97-4B-14-05,1234567890,,,165,BSN,10005,ara,t,superadmin,2021-05-21 14:02:22.219917,,,f,
3005,Mock Camera,85-BB-97-4B-14-05,2345678901,,,736,BSN,10005,ara,t,superadmin,2021-05-21 14:02:22.219917,,,f,
1005,Mock IRIS Scanner,85-BB-97-4B-14-05,3456789012,,,327,BSN,10005,fra,t,superadmin,2021-05-21 14:02:22.219917,,,f,
2005,Mock FingerPrint Scanner,85-BB-97-4B-14-05,1234567890,,,165,BSN,10005,fra,t,superadmin,2021-05-21 14:02:22.219917,,,f,
3005,Mock Camera,85-BB-97-4B-14-05,2345678901,,,736,BSN,10005,fra,t,superadmin,2021-05-21 14:02:22.219917,,,f,
1006,Mock IRIS Scanner,85-BB-97-4B-14-05,3456789012,,,327,NDR,10006,eng,t,superadmin,2021-05-21 14:02:22.219917,,,f,
2006,Mock FingerPrint Scanner,85-BB-97-4B-14-05,1234567890,,,165,NDR,10006,eng,t,superadmin,2021-05-21 14:02:22.219917,,,f,
3006,Mock Camera,85-BB-97-4B-14-05,2345678901,,,736,NDR,10006,eng,t,superadmin,2021-05-21 14:02:22.219917,,,f,
1006,Mock IRIS Scanner,85-BB-97-4B-14-05,3456789012,,,327,NDR,10006,ara,t,superadmin,2021-05-21 14:02:22.219917,,,f,
2006,Mock FingerPrint Scanner,85-BB-97-4B-14-05,1234567890,,,165,NDR,10006,ara,t,superadmin,2021-05-21 14:02:22.219917,,,f,
3006,Mock Camera,85-BB-97-4B-14-05,2345678901,,,736,NDR,10006,ara,t,superadmin,2021-05-21 14:02:22.219917,,,f,
1006,Mock IRIS Scanner,85-BB-97-4B-14-05,3456789012,,,327,NDR,10006,fra,t,superadmin,2021-05-21 14:02:22.219917,,,f,
2006,Mock FingerPrint Scanner,85-BB-97-4B-14-05,1234567890,,,165,NDR,10006,fra,t,superadmin,2021-05-21 14:02:22.219917,,,f,
3006,Mock Camera,85-BB-97-4B-14-05,2345678901,,,736,NDR,10006,fra,t,superadmin,2021-05-21 14:02:22.219917,,,f,
1007,Mock IRIS Scanner,85-BB-97-4B-14-05,3456789012,,,327,STT,10007,eng,t,superadmin,2021-05-21 14:02:22.219917,,,f,
2007,Mock FingerPrint Scanner,85-BB-97-4B-14-05,1234567890,,,165,STT,10007,eng,t,superadmin,2021-05-21 14:02:22.219917,,,f,
3007,Mock Camera,85-BB-97-4B-14-05,2345678901,,,736,STT,10007,eng,t,superadmin,2021-05-21 14:02:22.219917,,,f,
1007,Mock IRIS Scanner,85-BB-97-4B-14-05,3456789012,,,327,STT,10007,ara,t,superadmin,2021-05-21 14:02:22.219917,,,f,
2007,Mock FingerPrint Scanner,85-BB-97-4B-14-05,1234567890,,,165,STT,10007,ara,t,superadmin,2021-05-21 14:02:22.219917,,,f,
3007,Mock Camera,85-BB-97-4B-14-05,2345678901,,,736,STT,10007,ara,t,superadmin,2021-05-21 14:02:22.219917,,,f,
1007,Mock IRIS Scanner,85-BB-97-4B-14-05,3456789012,,,327,STT,10007,fra,t,superadmin,2021-05-21 14:02:22.219917,,,f,
2007,Mock FingerPrint Scanner,85-BB-97-4B-14-05,1234567890,,,165,STT,10007,fra,t,superadmin,2021-05-21 14:02:22.219917,,,f,
3007,Mock Camera,85-BB-97-4B-14-05,2345678901,,,736,STT,10007,fra,t,superadmin,2021-05-21 14:02:22.219917,,,f,
1008,Mock IRIS Scanner,85-BB-97-4B-14-05,3456789012,,,327,SAF,10008,eng,t,superadmin,2021-05-21 14:02:22.219917,,,f,
2008,Mock FingerPrint Scanner,85-BB-97-4B-14-05,1234567890,,,165,SAF,10008,eng,t,superadmin,2021-05-21 14:02:22.219917,,,f,
3008,Mock Camera,85-BB-97-4B-14-05,2345678901,,,736,SAF,10008,eng,t,superadmin,2021-05-21 14:02:22.219917,,,f,
1008,Mock IRIS Scanner,85-BB-97-4B-14-05,3456789012,,,327,SAF,10008,ara,t,superadmin,2021-05-21 14:02:22.219917,,,f,
2008,Mock FingerPrint Scanner,85-BB-97-4B-14-05,1234567890,,,165,SAF,10008,ara,t,superadmin,2021-05-21 14:02:22.219917,,,f,
3008,Mock Camera,85-BB-97-4B-14-05,2345678901,,,736,SAF,10008,ara,t,superadmin,2021-05-21 14:02:22.219917,,,f,
1008,Mock IRIS Scanner,85-BB-97-4B-14-05,3456789012,,,327,SAF,10008,fra,t,superadmin,2021-05-21 14:02:22.219917,,,f,
2008,Mock FingerPrint Scanner,85-BB-97-4B-14-05,1234567890,,,165,SAF,10008,fra,t,superadmin,2021-05-21 14:02:22.219917,,,f,
3008,Mock Camera,85-BB-97-4B-14-05,2345678901,,,736,SAF,10008,fra,t,superadmin,2021-05-21 14:02:22.219917,,,f,
1009,Mock IRIS Scanner,85-BB-97-4B-14-05,3456789012,,,327,YSF,10009,eng,t,superadmin,2021-05-21 14:02:22.219917,,,f,
2009,Mock FingerPrint Scanner,85-BB-97-4B-14-05,1234567890,,,165,YSF,10009,eng,t,superadmin,2021-05-21 14:02:22.219917,,,f,
3009,Mock Camera,85-BB-97-4B-14-05,2345678901,,,736,YSF,10009,eng,t,superadmin,2021-05-21 14:02:22.219917,,,f,
1009,Mock IRIS Scanner,85-BB-97-4B-14-05,3456789012,,,327,YSF,10009,ara,t,superadmin,2021-05-21 14:02:22.219917,,,f,
2009,Mock FingerPrint Scanner,85-BB-97-4B-14-05,1234567890,,,165,YSF,10009,ara,t,superadmin,2021-05-21 14:02:22.219917,,,f,
3009,Mock Camera,85-BB-97-4B-14-05,2345678901,,,736,YSF,10009,ara,t,superadmin,2021-05-21 14:02:22.219917,,,f,
1009,Mock IRIS Scanner,85-BB-97-4B-14-05,3456789012,,,327,YSF,10009,fra,t,superadmin,2021-05-21 14:02:22.219917,,,f,
2009,Mock FingerPrint Scanner,85-BB-97-4B-14-05,1234567890,,,165,YSF,10009,fra,t,superadmin,2021-05-21 14:02:22.219917,,,f,
3009,Mock Camera,85-BB-97-4B-14-05,2345678901,,,736,YSF,10009,fra,t,superadmin,2021-05-21 14:02:22.219917,,,f,
1010,Mock IRIS Scanner,85-BB-97-4B-14-05,3456789012,,,327,TTA,10010,eng,t,superadmin,2021-05-21 14:02:22.219917,,,f,
2010,Mock FingerPrint Scanner,85-BB-97-4B-14-05,1234567890,,,165,TTA,10010,eng,t,superadmin,2021-05-21 14:02:22.219917,,,f,
3010,Mock Camera,85-BB-97-4B-14-05,2345678901,,,736,TTA,10010,eng,t,superadmin,2021-05-21 14:02:22.219917,,,f,
1010,Mock IRIS Scanner,85-BB-97-4B-14-05,3456789012,,,327,TTA,10010,ara,t,superadmin,2021-05-21 14:02:22.219917,,,f,
2010,Mock FingerPrint Scanner,85-BB-97-4B-14-05,1234567890,,,165,TTA,10010,ara,t,superadmin,2021-05-21 14:02:22.219917,,,f,
3010,Mock Camera,85-BB-97-4B-14-05,2345678901,,,736,TTA,10010,ara,t,superadmin,2021-05-21 14:02:22.219917,,,f,
1010,Mock IRIS Scanner,85-BB-97-4B-14-05,3456789012,,,327,TTA,10010,fra,t,superadmin,2021-05-21 14:02:22.219917,,,f,
2010,Mock FingerPrint Scanner,85-BB-97-4B-14-05,1234567890,,,165,TTA,10010,fra,t,superadmin,2021-05-21 14:02:22.219917,,,f,
3010,Mock Camera,85-BB-97-4B-14-05,2345678901,,,736,TTA,10010,fra,t,superadmin,2021-05-21 14:02:22.219917,,,f,
1011,Mock IRIS Scanner,85-BB-97-4B-14-05,3456789012,,,327,TZT,10011,eng,t,superadmin,2021-05-21 14:02:22.219917,,,f,
2011,Mock FingerPrint Scanner,85-BB-97-4B-14-05,1234567890,,,165,TZT,10011,eng,t,superadmin,2021-05-21 14:02:22.219917,,,f,
3011,Mock Camera,85-BB-97-4B-14-05,2345678901,,,736,TZT,10011,eng,t,superadmin,2021-05-21 14:02:22.219917,,,f,
1011,Mock IRIS Scanner,85-BB-97-4B-14-05,3456789012,,,327,TZT,10011,ara,t,superadmin,2021-05-21 14:02:22.219917,,,f,
2011,Mock FingerPrint Scanner,85-BB-97-4B-14-05,1234567890,,,165,TZT,10011,ara,t,superadmin,2021-05-21 14:02:22.219917,,,f,
3011,Mock Camera,85-BB-97-4B-14-05,2345678901,,,736,TZT,10011,ara,t,superadmin,2021-05-21 14:02:22.219917,,,f,
1011,Mock IRIS Scanner,85-BB-97-4B-14-05,3456789012,,,327,TZT,10011,fra,t,superadmin,2021-05-21 14:02:22.219917,,,f,
2011,Mock FingerPrint Scanner,85-BB-97-4B-14-05,1234567890,,,165,TZT,10011,fra,t,superadmin,2021-05-21 14:02:22.219917,,,f,
3011,Mock Camera,85-BB-97-4B-14-05,2345678901,,,736,TZT,10011,fra,t,superadmin,2021-05-21 14:02:22.219917,,,f,
1012,Mock IRIS Scanner,85-BB-97-4B-14-05,3456789012,,,327,SAF,10012,eng,t,superadmin,2021-05-21 14:02:22.219917,,,f,
2012,Mock FingerPrint Scanner,85-BB-97-4B-14-05,1234567890,,,165,SAF,10012,eng,t,superadmin,2021-05-21 14:02:22.219917,,,f,
3012,Mock Camera,85-BB-97-4B-14-05,2345678901,,,736,SAF,10012,eng,t,superadmin,2021-05-21 14:02:22.219917,,,f,
1012,Mock IRIS Scanner,85-BB-97-4B-14-05,3456789012,,,327,SAF,10012,ara,t,superadmin,2021-05-21 14:02:22.219917,,,f,
2012,Mock FingerPrint Scanner,85-BB-97-4B-14-05,1234567890,,,165,SAF,10012,ara,t,superadmin,2021-05-21 14:02:22.219917,,,f,
3012,Mock Camera,85-BB-97-4B-14-05,2345678901,,,736,SAF,10012,ara,t,superadmin,2021-05-21 14:02:22.219917,,,f,
1012,Mock IRIS Scanner,85-BB-97-4B-14-05,3456789012,,,327,SAF,10012,fra,t,superadmin,2021-05-21 14:02:22.219917,,,f,
2012,Mock FingerPrint Scanner,85-BB-97-4B-14-05,1234567890,,,165,SAF,10012,fra,t,superadmin,2021-05-21 14:02:22.219917,,,f,
3012,Mock Camera,85-BB-97-4B-14-05,2345678901,,,736,SAF,10012,fra,t,superadmin,2021-05-21 14:02:22.219917,,,f,
