POA,Proof of Address,Address Proof,eng,t,superadmin,2021-05-21 14:02:21.599035,,,f,
POA,إثبات العنوان,عنوان الدليل,ara,t,superadmin,2021-05-21 14:02:21.599035,,,f,
POA,Un justificatif de domicile,Preuve dadresse,fra,t,superadmin,2021-05-21 14:02:21.599035,,,f,
POI,Proof of Identity,Identity Proof,eng,t,superadmin,2021-05-21 14:02:21.599035,,,f,
POI,إثبات هوية,إثبات الهوية,ara,t,superadmin,2021-05-21 14:02:21.599035,,,f,
POI,Preuve didentité,Preuve didentité,fra,t,superadmin,2021-05-21 14:02:21.599035,,,f,
POR,Proof of Relationship,Proof Relationship of the person,eng,t,superadmin,2021-05-21 14:02:21.599035,,,f,
POR,إثبات العلاقة,إثبات علاقة الشخص,ara,t,superadmin,2021-05-21 14:02:21.599035,,,f,
POR,Preuve de relation,Preuve de relation de la personne,fra,t,superadmin,2021-05-21 14:02:21.599035,,,f,
POB,Proof of Birth,Proof date of birth of the person,eng,f,superadmin,2021-05-21 14:02:21.599035,,,f,
POB,إثبات الميلاد,تاريخ إثبات ميلاد الشخص,ara,f,superadmin,2021-05-21 14:02:21.599035,,,f,
POB,Preuve de naissance,Preuve de la date de naissance de la personne,fra,f,superadmin,2021-05-21 14:02:21.599035,,,f,
POE,Proof of Biometric Exception,Proof of Biometric Exception,eng,t,superadmin,2021-05-21 14:02:21.599035,,,f,
POE,دليل استثناء البيومترية,دليل استثناء البيومترية,ara,t,superadmin,2021-05-21 14:02:21.599035,,,f,
POE,Preuve dexception biométrique,Preuve dexception biométrique,fra,t,superadmin,2021-05-21 14:02:21.599035,,,f,
