POA,ලිපිනය සාක්ෂි,ලිපිනය  තහවුරු කරන ලියවිල්ලක්,sin,t,superadmin,2021-03-18 15:00:00.843744,,,,
POB,උපන් සාක්ෂි,පුද්ගලයාගේ උපන් දිනය තහවුරු කරන ලියවිල්ලක්,sin,t,superadmin,2021-03-18 15:00:00.843744,,,,
POE,ජීව ව්යතිරේක පිළිබඳ සාක්ෂි,ජීව ව්යතිරේක පිළිබඳ සාක්ෂි,sin,t,superadmin,2021-03-18 15:00:00.843744,,,,
POI,අනන්යතාව ඔප්පු,අනන්යතාවය තහවුරු කරන ලියවිල්ලක්,sin,t,superadmin,2021-03-18 15:00:00.843744,,,,
POR,සම්බන්ධතා පිළිබඳ සාක්ෂි,පුද්ගල සම්බන්ධතා  තහවුරු කරන ලියවිල්ලක්,sin,t,superadmin,2021-03-18 15:00:00.843744,,,,
