POA,Proof of Address,Address Proof,eng,t,superadmin,2021-01-29 09:30:10.08404,,,,
POA,إثبات العنوان,عنوان الدليل,ara,t,superadmin,2021-01-29 09:30:10.08404,,,,
POA,Un justificatif de domicile,Preuve dadresse,fra,t,superadmin,2021-01-29 09:30:10.08404,,,,
POI,Proof of Identity,Identity Proof,eng,t,superadmin,2021-01-29 09:30:10.08404,,,,
POI,إثبات هوية,إثبات الهوية,ara,t,superadmin,2021-01-29 09:30:10.08404,,,,
POI,Preuve didentité,Preuve didentité,fra,t,superadmin,2021-01-29 09:30:10.08404,,,,
POR,Proof of Relationship,Proof Relationship of the person,eng,t,superadmin,2021-01-29 09:30:10.08404,,,,
POR,إثبات العلاقة,إثبات علاقة الشخص,ara,t,superadmin,2021-01-29 09:30:10.08404,,,,
POR,Preuve de relation,Preuve de relation de la personne,fra,t,superadmin,2021-01-29 09:30:10.08404,,,,
POB,Proof of Birth,Proof date of birth of the person,eng,f,superadmin,2021-01-29 09:30:10.08404,,,,
POB,إثبات الميلاد,تاريخ إثبات ميلاد الشخص,ara,f,superadmin,2021-01-29 09:30:10.08404,,,,
POB,Preuve de naissance,Preuve de la date de naissance de la personne,fra,f,superadmin,2021-01-29 09:30:10.08404,,,,
POE,Proof of Biometric Exception,Proof of Biometric Exception,eng,t,superadmin,2021-01-29 09:30:10.08404,,,,
POE,دليل استثناء البيومترية,دليل استثناء البيومترية,ara,t,superadmin,2021-01-29 09:30:10.08404,,,,
POE,Preuve dexception biométrique,Preuve dexception biométrique,fra,t,superadmin,2021-01-29 09:30:10.08404,,,,
POA,ලිපිනය සාක්ෂි,ලිපිනය  තහවුරු කරන ලියවිල්ලක්,sin,t,superadmin,2021-03-18 15:00:00.843744,,,,
POB,උපන් සාක්ෂි,පුද්ගලයාගේ උපන් දිනය තහවුරු කරන ලියවිල්ලක්,sin,t,superadmin,2021-03-18 15:00:00.843744,,,,
POE,ජීව ව්යතිරේක පිළිබඳ සාක්ෂි,ජීව ව්යතිරේක පිළිබඳ සාක්ෂි,sin,t,superadmin,2021-03-18 15:00:00.843744,,,,
POI,අනන්යතාව ඔප්පු,අනන්යතාවය තහවුරු කරන ලියවිල්ලක්,sin,t,superadmin,2021-03-18 15:00:00.843744,,,,
POR,සම්බන්ධතා පිළිබඳ සාක්ෂි,පුද්ගල සම්බන්ධතා  තහවුරු කරන ලියවිල්ලක්,sin,t,superadmin,2021-03-18 15:00:00.843744,,,,
