10001,bloodType,Blood Type,string,"[
	{
		'"code'": '"101'",
		'"value'": '"A'",
		'"langCode'": '"eng'",
		'"active'": true
	},
	{
		'"code'": '"102'",
		'"value'": '"A+'",
		'"langCode'": '"eng'",
		'"active'": true
	},
	{
		'"code'": '"103'",
		'"value'": '"A-'",
		'"langCode'": '"eng'",
		'"active'": true
	},
	{
		'"code'": '"104'",
		'"value'": '"B'",
		'"langCode'": '"eng'",
		'"active'": true
	},
	{
		'"code'": '"105'",
		'"value'": '"B+'",
		'"langCode'": '"eng'",
		'"active'": true
	},
	{
		'"code'": '"106'",
		'"value'": '"B-'",
		'"langCode'": '"eng'",
		'"active'": true
	},
	{
		'"code'": '"107'",
		'"value'": '"AB'",
		'"langCode'": '"eng'",
		'"active'": true
	},
	{
		'"code'": '"108'",
		'"value'": '"AB+'",
		'"langCode'": '"eng'",
		'"active'": true
	},
	{
		'"code'": '"109'",
		'"value'": '"AB-'",
		'"langCode'": '"eng'",
		'"active'": true
	},
	{
		'"code'": '"110'",
		'"value'": '"O'",
		'"langCode'": '"eng'",
		'"active'": true
	},
	{
		'"code'": '"111'",
		'"value'": '"O+'",
		'"langCode'": '"eng'",
		'"active'": true
	},
	{
		'"code'": '"112'",
		'"value'": '"O-'",
		'"langCode'": '"eng'",
		'"active'": true
	},
	{
		'"code'": '"113'",
		'"value'": '"Don''t Know'",
		'"langCode'": '"eng'",
		'"active'": true
	},
	{
		'"code'": '"114'",
		'"value'": '"Not Applicable'",
		'"langCode'": '"eng'",
		'"active'": true
	}
]",eng,t,superadmin,2021-01-29 09:30:11.61696,,,,
10002,maritalStatus,Marital Status,string,"[
	{
		'"code'": '"101'",
		'"value'": '"Single'",
		'"langCode'": '"eng'",
		'"active'": true
	},
	{
		'"code'": '"102'",
		'"value'": '"Married'",
		'"langCode'": '"eng'",
		'"active'": true
	},
	{
		'"code'": '"103'",
		'"value'": '"Widowed'",
		'"langCode'": '"eng'",
		'"active'": true
	},
	{
		'"code'": '"104'",
		'"value'": '"Divorced'",
		'"langCode'": '"eng'",
		'"active'": true
	},
	{
		'"code'": '"105'",
		'"value'": '"Legally Separated'",
		'"langCode'": '"eng'",
		'"active'": true
	},
	{
		'"code'": '"106'",
		'"value'": '"Annulled'",
		'"langCode'": '"eng'",
		'"active'": true
	},
	{
		'"code'": '"107'",
		'"value'": '"Nullified'",
		'"langCode'": '"eng'",
		'"active'": true
	}
]",eng,t,superadmin,2021-01-29 09:30:11.61696,,,,
10003,registrationType,Registration Type,string,"[
	{
		'"code'": '"Document-based'",
		'"value'": '"Document-based'",
		'"langCode'": '"eng'",
		'"active'": true
	},
	{
		'"code'": '"Introducer-based'",
		'"value'": '"Introducer-based'",
		'"langCode'": '"eng'",
		'"active'": true
	}
]",eng,t,superadmin,2021-01-29 09:30:11.61696,,,,
10004,modeOfClaim,Mode of Claim,string,"[
	{
		'"code'": '"101'",
		'"value'": '"Pick-up'",
		'"langCode'": '"eng'",
		'"active'": true
	},
	{
		'"code'": '"102'",
		'"value'": '"Delivery to permanent address'",
		'"langCode'": '"eng'",
		'"active'": true
	},
	{
		'"code'": '"103'",
		'"value'": '"Delivery to present address'",
		'"langCode'": '"eng'",
		'"active'": true
	}
]",eng,t,superadmin,2021-01-29 09:30:11.61696,,,,
10005,maritalStatus,විවාහක අවිවාහක බව,string,"[
	{
		'"code'": '"101'",
		'"value'": '"අවිවාහක '",
		'"langCode'": '"sin'",
		'"active'": true
	},
	{
		'"code'": '"102'",
		'"value'": '"විවාහක'",
		'"langCode'": '"sin'",
		'"active'": true
	},
	{
		'"code'": '"103'",
		'"value'": '"වැන්දඹු'",
		'"langCode'": '"sin'",
		'"active'": true
	},
	{
		'"code'": '"104'",
		'"value'": '"දික්කසාද'",
		'"langCode'": '"sin'",
		'"active'": true
	},
	{
		'"code'": '"105'",
		'"value'": '"නීත්‍යානුකූලව වෙන් වී ඇත'",
		'"langCode'": '"sin'",
		'"active'": true
	},
	{
		'"code'": '"106'",
		'"value'": '"අවලංගු කරන ලදි'",
		'"langCode'": '"sin'",
		'"active'": true
	},
	{
		'"code'": '"107'",
		'"value'": '"අවලංගු වී ඇත'",
		'"langCode'": '"sin'",
		'"active'": true
	}
]",sin,t,110006,2021-05-05 15:12:10.939547,,,,
a321ef84-b152-470b-b26a-2b42a656549d,profession,Profession/ Occupation,string,"[
  {
    '"code'": '"101'",
    '"value'": '"Accountant'",
    '"langCode'": '"eng'",
    '"active'": true
  },
  {
    '"code'": '"102'",
    '"value'": '"Actor'",
    '"langCode'": '"eng'",
    '"active'": true
  },
  {
    '"code'": '"103'",
    '"value'": '"Actuary'",
    '"langCode'": '"eng'",
    '"active'": true
  },
  {
    '"code'": '"104'",
    '"value'": '"Advisor'",
    '"langCode'": '"eng'",
    '"active'": true
  },
  {
    '"code'": '"105'",
    '"value'": '"Ambassador'",
    '"langCode'": '"eng'",
    '"active'": true
  },
  {
    '"code'": '"106'",
    '"value'": '"Artist'",
    '"langCode'": '"eng'",
    '"active'": true
  },
  {
    '"code'": '"107'",
    '"value'": '"Astronaut'",
    '"langCode'": '"eng'",
    '"active'": true
  },
  {
    '"code'": '"108'",
    '"value'": '"Athlete'",
    '"langCode'": '"eng'",
    '"active'": true
  },
  {
    '"code'": '"109'",
    '"value'": '"Author'",
    '"langCode'": '"eng'",
    '"active'": true
  },
  {
    '"code'": '"110'",
    '"value'": '"Baker'",
    '"langCode'": '"eng'",
    '"active'": true
  },
  {
    '"code'": '"111'",
    '"value'": '"Banker'",
    '"langCode'": '"eng'",
    '"active'": true
  },
  {
    '"code'": '"112'",
    '"value'": '"Barber'",
    '"langCode'": '"eng'",
    '"active'": true
  },
  {
    '"code'": '"113'",
    '"value'": '"Blacksmith'",
    '"langCode'": '"eng'",
    '"active'": true
  },
  {
    '"code'": '"114'",
    '"value'": '"Butcher'",
    '"langCode'": '"eng'",
    '"active'": true
  },
  {
    '"code'": '"115'",
    '"value'": '"Carpenter'",
    '"langCode'": '"eng'",
    '"active'": true
  },
  {
    '"code'": '"116'",
    '"value'": '"Cashier'",
    '"langCode'": '"eng'",
    '"active'": true
  }
]",eng,t,110006,2021-04-21 14:40:10.939547,,,f,
a321ef84-b152-470b-b26a-2b42a656548c,profession,වෘත්තිය/රැකියාව,string,"[
  {
    '"code'": '"101'",
    '"value'": '"ගණකාධිකාරී'",
    '"langCode'": '"sin'",
    '"active'": true
  },
  {
    '"code'": '"102'",
    '"value'": '"නළුවා'",
    '"langCode'": '"sin'",
    '"active'": true
  },
  {
    '"code'": '"103'",
    '"value'": '"ක්‍රියාකාරී'",
    '"langCode'": '"sin'",
    '"active'": true
  },
  {
    '"code'": '"104'",
    '"value'": '"උපදේශක'",
    '"langCode'": '"sin'",
    '"active'": true
  },
  {
    '"code'": '"105'",
    '"value'": '"තානාපති'",
    '"langCode'": '"sin'",
    '"active'": true
  },
  {
    '"code'": '"106'",
    '"value'": '"කලාකරු'",
    '"langCode'": '"sin'",
    '"active'": true
  },
  {
    '"code'": '"107'",
    '"value'": '"ගගනගාමී'",
    '"langCode'": '"sin'",
    '"active'": true
  },
  {
    '"code'": '"108'",
    '"value'": '"මලල ක්රීඩකයා'",
    '"langCode'": '"sin'",
    '"active'": true
  },
  {
    '"code'": '"109'",
    '"value'": '"කර්තෘ'",
    '"langCode'": '"sin'",
    '"active'": true
  },
  {
    '"code'": '"110'",
    '"value'": '"බේකර්'",
    '"langCode'": '"sin'",
    '"active'": true
  },
  {
    '"code'": '"111'",
    '"value'": '"බැංකු කරුවෙකු'",
    '"langCode'": '"sin'",
    '"active'": true
  },
  {
    '"code'": '"112'",
    '"value'": '"බාබර්'",
    '"langCode'": '"sin'",
    '"active'": true
  },
  {
    '"code'": '"113'",
    '"value'": '"කම්මල්කරු'",
    '"langCode'": '"sin'",
    '"active'": true
  },
  {
    '"code'": '"114'",
    '"value'": '"මස් වෙළෙන්දා'",
    '"langCode'": '"sin'",
    '"active'": true
  },
  {
    '"code'": '"115'",
    '"value'": '"වඩු වැඩ'",
    '"langCode'": '"sin'",
    '"active'": true
  },
  {
    '"code'": '"116'",
    '"value'": '"මුදල් අයකැමි'",
    '"langCode'": '"sin'",
    '"active'": true
  }
]",sin,t,110006,2021-05-05 14:32:10.939547,,,,
