MLE,Male,eng,t,superadmin,2021-05-21 14:02:21.625853,,,f,
FLE,Female,eng,t,superadmin,2021-05-21 14:02:21.625853,,,f,
OTH,Others,eng,f,superadmin,2021-05-21 14:02:21.625853,,,f,
MLE,الذكر,ara,t,superadmin,2021-05-21 14:02:21.625853,,,f,
FLE,أنثى,ara,t,superadmin,2021-05-21 14:02:21.625853,,,f,
OTH,الآخرين,ara,f,superadmin,2021-05-21 14:02:21.625853,,,f,
MLE,Mâle,fra,t,superadmin,2021-05-21 14:02:21.625853,,,f,
FLE,Femelle,fra,t,superadmin,2021-05-21 14:02:21.625853,,,f,
OTH,Dautres,fra,f,superadmin,2021-05-21 14:02:21.625853,,,f,
