MLE,Male,eng,t,superadmin,2021-01-29 09:30:10.208147,,,,
FLE,Female,eng,t,superadmin,2021-01-29 09:30:10.208147,,,,
OTH,Others,eng,f,superadmin,2021-01-29 09:30:10.208147,,,,
MLE,الذكر,ara,t,superadmin,2021-01-29 09:30:10.208147,,,,
FLE,أنثى,ara,t,superadmin,2021-01-29 09:30:10.208147,,,,
OTH,الآخرين,ara,f,superadmin,2021-01-29 09:30:10.208147,,,,
MLE,Mâle,fra,t,superadmin,2021-01-29 09:30:10.208147,,,,
FLE,Femelle,fra,t,superadmin,2021-01-29 09:30:10.208147,,,,
OTH,Dautres,fra,f,superadmin,2021-01-29 09:30:10.208147,,,,
OTH,වෙනත්,sin,f,superadmin,2021-03-18 15:00:00.208147,,,,
FLE,ස්ත්‍රී,sin,t,superadmin,2021-03-18 15:00:00.208147,,,,
MLE,පුරුෂ,sin,t,superadmin,2021-03-18 15:00:00.208147,,,,
