FR,أجنبي,ara,t,superadmin,2021-01-29 09:30:11.044884,,,,
NFR,غير أجنبي,ara,t,superadmin,2021-01-29 09:30:11.044884,,,,
FR,Étranger,fra,t,superadmin,2021-01-29 09:30:11.044884,,,,
NFR,Non-étranger,fra,t,superadmin,2021-01-29 09:30:11.044884,,,,
FR,Temporary Resident,eng,t,superadmin,2021-01-29 09:30:11.044884,,,,
NFR,Permanent resident,eng,t,superadmin,2021-01-29 09:30:11.044884,,,,
FR,තාවකාලික පදිංචිකරුවෙකි,sin,t,superadmin,2021-03-18 15:00:00.044884,,,,
NFR,ස්ථිර පදිංචිකරුවෙකි,sin,t,superadmin,2021-03-18 15:00:00.044884,,,,
