0,Country,eng,t,superadmin,2021-05-21 14:02:21.925941,,,f,
0,بلد,ara,t,superadmin,2021-05-21 14:02:21.925941,,,f,
0,Pays,fra,t,superadmin,2021-05-21 14:02:21.925941,,,f,
1,Region,eng,t,superadmin,2021-05-21 14:02:21.925941,,,f,
1,منطقة,ara,t,superadmin,2021-05-21 14:02:21.925941,,,f,
1,Région,fra,t,superadmin,2021-05-21 14:02:21.925941,,,f,
2,Province,eng,t,superadmin,2021-05-21 14:02:21.925941,,,f,
2,المحافظة,ara,t,superadmin,2021-05-21 14:02:21.925941,,,f,
2,Province,fra,t,superadmin,2021-05-21 14:02:21.925941,,,f,
3,City,eng,t,superadmin,2021-05-21 14:02:21.925941,,,f,
3,مدينة,ara,t,superadmin,2021-05-21 14:02:21.925941,,,f,
3,Ville,fra,t,superadmin,2021-05-21 14:02:21.925941,,,f,
4,Zone,eng,t,superadmin,2021-05-21 14:02:21.925941,,,f,
4,منطقة,ara,t,superadmin,2021-05-21 14:02:21.925941,,,f,
4,Zone,fra,t,superadmin,2021-05-21 14:02:21.925941,,,f,
5,Postal Code,eng,t,superadmin,2021-05-21 14:02:21.925941,,,f,
5,الرمز البريدي,ara,t,superadmin,2021-05-21 14:02:21.925941,,,f,
5,code postal,fra,t,superadmin,2021-05-21 14:02:21.925941,,,f,
