0,Country,eng,t,superadmin,2021-01-29 09:30:11.520203,,,,
1,Province,eng,t,superadmin,2021-01-29 09:30:11.520203,,,,
4,Postal Code,eng,t,superadmin,2021-01-29 09:30:11.520203,,,,
2,District,eng,t,superadmin,2021-02-13 09:30:11.520203,,,,
3,City,eng,t,superadmin,2021-01-29 09:30:11.520203,,,,
0,රට,sin,t,superadmin,2021-03-18 15:00:00.843744,,,,
1,පළාත,sin,t,superadmin,2021-03-18 15:00:00.843744,,,,
2,දිස්ත්‍රික්කය,sin,t,superadmin,2021-03-18 15:00:00.843744,,,,
3,නගරය,sin,t,superadmin,2021-03-18 15:00:00.843744,,,,
4,තැපැල් කේතය,sin,t,superadmin,2021-03-18 15:00:00.843744,,,,
