MOR,MyCountry,0,Country,,eng,t,superadmin,2021-05-21 14:02:21.995961,,,f,
MOR,الْـمَغْرِبُ,0,بلد,,ara,t,superadmin,2021-05-21 14:02:21.995961,,,f,
MOR,Maroc,0,Pays,,fra,t,superadmin,2021-05-21 14:02:21.995961,,,f,
RSK,Rabat Sale Kenitra,1,Region,MOR,eng,t,superadmin,2021-05-21 14:02:21.995961,,,f,
RSK,جهة الرباط سلا القنيطرة,1,منطقة,MOR,ara,t,superadmin,2021-05-21 14:02:21.995961,,,f,
RSK,Rabat-Salé-Kénitra,1,Région,MOR,fra,t,superadmin,2021-05-21 14:02:21.995961,,,f,
KTA,Kenitra,2,Province,RSK,eng,t,superadmin,2021-05-21 14:02:21.995961,,,f,
KTA,القنيطرة,2,المحافظة,RSK,ara,t,superadmin,2021-05-21 14:02:21.995961,,,f,
KTA,Kénitra,2,Province,RSK,fra,t,superadmin,2021-05-21 14:02:21.995961,,,f,
KNT,Kenitra,3,City,KTA,eng,t,superadmin,2021-05-21 14:02:21.995961,,,f,
KNT,القنيطرة,3,مدينة,KTA,ara,t,superadmin,2021-05-21 14:02:21.995961,,,f,
KNT,Kénitra,3,Ville,KTA,fra,t,superadmin,2021-05-21 14:02:21.995961,,,f,
BNMR,Ben Mansour,4,Zone,KNT,eng,t,superadmin,2021-05-21 14:02:21.995961,,,f,
BNMR,بن منصور,4,منطقة,KNT,ara,t,superadmin,2021-05-21 14:02:21.995961,,,f,
BNMR,Ben Mansour,4,Zone,KNT,fra,t,superadmin,2021-05-21 14:02:21.995961,,,f,
14022,14022,5,Postal Code,BNMR,eng,t,superadmin,2021-05-21 14:02:21.995961,,,f,
14022,14022,5,الرمز البريدي,BNMR,ara,t,superadmin,2021-05-21 14:02:21.995961,,,f,
14022,14022,5,code postal,BNMR,fra,t,superadmin,2021-05-21 14:02:21.995961,,,f,
MNAS,Mnasra,4,Zone,KNT,eng,t,superadmin,2021-05-21 14:02:21.995961,,,f,
MNAS,منَسرَ,4,منطقة,KNT,ara,t,superadmin,2021-05-21 14:02:21.995961,,,f,
MNAS,Mnasra,4,Zone,KNT,fra,t,superadmin,2021-05-21 14:02:21.995961,,,f,
14053,14053,5,Postal Code,MNAS,eng,t,superadmin,2021-05-21 14:02:21.995961,,,f,
14053,14053,5,الرمز البريدي,MNAS,ara,t,superadmin,2021-05-21 14:02:21.995961,,,f,
14053,14053,5,code postal,MNAS,fra,t,superadmin,2021-05-21 14:02:21.995961,,,f,
MOGR,Mograne,4,Zone,KNT,eng,t,superadmin,2021-05-21 14:02:21.995961,,,f,
MOGR,مڭرن,4,منطقة,KNT,ara,t,superadmin,2021-05-21 14:02:21.995961,,,f,
MOGR,Mograne,4,Zone,KNT,fra,t,superadmin,2021-05-21 14:02:21.995961,,,f,
14023,14023,5,Postal Code,MOGR,eng,t,superadmin,2021-05-21 14:02:21.995961,,,f,
14023,14023,5,الرمز البريدي,MOGR,ara,t,superadmin,2021-05-21 14:02:21.995961,,,f,
14023,14023,5,code postal,MOGR,fra,t,superadmin,2021-05-21 14:02:21.995961,,,f,
ASSM,Assam,4,Zone,KNT,eng,t,superadmin,2021-05-21 14:02:21.995961,,,f,
ASSM,العصام,4,منطقة,KNT,ara,t,superadmin,2021-05-21 14:02:21.995961,,,f,
ASSM,Assam,4,Zone,KNT,fra,t,superadmin,2021-05-21 14:02:21.995961,,,f,
14000,14000,5,Postal Code,ASSM,eng,t,superadmin,2021-05-21 14:02:21.995961,,,f,
14000,14000,5,الرمز البريدي,ASSM,ara,t,superadmin,2021-05-21 14:02:21.995961,,,f,
14000,14000,5,code postal,ASSM,fra,t,superadmin,2021-05-21 14:02:21.995961,,,f,
MEHD,Mehdia,4,Zone,KNT,eng,t,superadmin,2021-05-21 14:02:21.995961,,,f,
MEHD,مهدية,4,منطقة,KNT,ara,t,superadmin,2021-05-21 14:02:21.995961,,,f,
MEHD,Mehdia,4,Zone,KNT,fra,t,superadmin,2021-05-21 14:02:21.995961,,,f,
14110,14110,5,Postal Code,MEHD,eng,t,superadmin,2021-05-21 14:02:21.995961,,,f,
14110,14110,5,الرمز البريدي,MEHD,ara,t,superadmin,2021-05-21 14:02:21.995961,,,f,
14110,14110,5,code postal,MEHD,fra,t,superadmin,2021-05-21 14:02:21.995961,,,f,
OLOJ,Ouled Oujih,4,Zone,KNT,eng,t,superadmin,2021-05-21 14:02:21.995961,,,f,
OLOJ,اولاد اوجيه,4,منطقة,KNT,ara,t,superadmin,2021-05-21 14:02:21.995961,,,f,
OLOJ,Ouled Oujih,4,Zone,KNT,fra,t,superadmin,2021-05-21 14:02:21.995961,,,f,
14080,14080,5,Postal Code,OLOJ,eng,t,superadmin,2021-05-21 14:02:21.995961,,,f,
14080,14080,5,الرمز البريدي,OLOJ,ara,t,superadmin,2021-05-21 14:02:21.995961,,,f,
14080,14080,5,code postal,OLOJ,fra,t,superadmin,2021-05-21 14:02:21.995961,,,f,
SDTB,Sidi Taibi,4,Zone,KNT,eng,t,superadmin,2021-05-21 14:02:21.995961,,,f,
SDTB,سيدي الطيبي,4,منطقة,KNT,ara,t,superadmin,2021-05-21 14:02:21.995961,,,f,
SDTB,Sidi Taibi,4,Zone,KNT,fra,t,superadmin,2021-05-21 14:02:21.995961,,,f,
14025,14025,5,Postal Code,SDTB,eng,t,superadmin,2021-05-21 14:02:21.995961,,,f,
14025,14025,5,الرمز البريدي,SDTB,ara,t,superadmin,2021-05-21 14:02:21.995961,,,f,
14025,14025,5,code postal,SDTB,fra,t,superadmin,2021-05-21 14:02:21.995961,,,f,
SATZ,Sidi Allal Tazi,4,Zone,KNT,eng,t,superadmin,2021-05-21 14:02:21.995961,,,f,
SATZ,علال التازي,4,منطقة,KNT,ara,t,superadmin,2021-05-21 14:02:21.995961,,,f,
SATZ,Sidi Allal Tazi,4,Zone,KNT,fra,t,superadmin,2021-05-21 14:02:21.995961,,,f,
14050,14050,5,Postal Code,SATZ,eng,t,superadmin,2021-05-21 14:02:21.995961,,,f,
14050,14050,5,الرمز البريدي,SATZ,ara,t,superadmin,2021-05-21 14:02:21.995961,,,f,
14050,14050,5,code postal,SATZ,fra,t,superadmin,2021-05-21 14:02:21.995961,,,f,
RBT,Rabat,2,Province,RSK,eng,t,superadmin,2021-05-21 14:02:21.995961,,,f,
RBT,الرباط,2,المحافظة,RSK,ara,t,superadmin,2021-05-21 14:02:21.995961,,,f,
RBT,Rabat,2,Province,RSK,fra,t,superadmin,2021-05-21 14:02:21.995961,,,f,
RAB,Rabat,3,City,RBT,eng,t,superadmin,2021-05-21 14:02:21.995961,,,f,
RAB,الرباط,3,مدينة,RBT,ara,t,superadmin,2021-05-21 14:02:21.995961,,,f,
RAB,Rabat,3,Ville,RBT,fra,t,superadmin,2021-05-21 14:02:21.995961,,,f,
AGDL,Agdal,4,Zone,RAB,eng,t,superadmin,2021-05-21 14:02:21.995961,,,f,
AGDL,أكدال,4,منطقة,RAB,ara,t,superadmin,2021-05-21 14:02:21.995961,,,f,
AGDL,Agdal,4,Zone,RAB,fra,t,superadmin,2021-05-21 14:02:21.995961,,,f,
10106,10106,5,Postal Code,AGDL,eng,t,superadmin,2021-05-21 14:02:21.995961,,,f,
10106,10106,5,الرمز البريدي,AGDL,ara,t,superadmin,2021-05-21 14:02:21.995961,,,f,
10106,10106,5,code postal,AGDL,fra,t,superadmin,2021-05-21 14:02:21.995961,,,f,
QRHS,Quartier Hassan,4,Zone,RAB,eng,t,superadmin,2021-05-21 14:02:21.995961,,,f,
QRHS,حي حسان,4,منطقة,RAB,ara,t,superadmin,2021-05-21 14:02:21.995961,,,f,
QRHS,Quartier Hassan,4,Zone,RAB,fra,t,superadmin,2021-05-21 14:02:21.995961,,,f,
10000,10000,5,Postal Code,QRHS,eng,t,superadmin,2021-05-21 14:02:21.995961,,,f,
10000,10000,5,الرمز البريدي,QRHS,ara,t,superadmin,2021-05-21 14:02:21.995961,,,f,
10000,10000,5,code postal,QRHS,fra,t,superadmin,2021-05-21 14:02:21.995961,,,f,
SOUS,Souissi,4,Zone,RAB,eng,t,superadmin,2021-05-21 14:02:21.995961,,,f,
SOUS,السويسي,4,منطقة,RAB,ara,t,superadmin,2021-05-21 14:02:21.995961,,,f,
SOUS,Souissi,4,Zone,RAB,fra,t,superadmin,2021-05-21 14:02:21.995961,,,f,
10105,10105,5,Postal Code,SOUS,eng,t,superadmin,2021-05-21 14:02:21.995961,,,f,
10105,10105,5,الرمز البريدي,SOUS,ara,t,superadmin,2021-05-21 14:02:21.995961,,,f,
10105,10105,5,code postal,SOUS,fra,t,superadmin,2021-05-21 14:02:21.995961,,,f,
MADI,Madinat Al Irfane,4,Zone,RAB,eng,t,superadmin,2021-05-21 14:02:21.995961,,,f,
MADI,مدينة العرفان,4,منطقة,RAB,ara,t,superadmin,2021-05-21 14:02:21.995961,,,f,
MADI,Madinat Al Irfane,4,Zone,RAB,fra,t,superadmin,2021-05-21 14:02:21.995961,,,f,
10112,10112,5,Postal Code,MADI,eng,t,superadmin,2021-05-21 14:02:21.995961,,,f,
10112,10112,5,الرمز البريدي,MADI,ara,t,superadmin,2021-05-21 14:02:21.995961,,,f,
10112,10112,5,code postal,MADI,fra,t,superadmin,2021-05-21 14:02:21.995961,,,f,
HARD,Hay Riad,4,Zone,RAB,eng,t,superadmin,2021-05-21 14:02:21.995961,,,f,
HARD,حي الرياض,4,منطقة,RAB,ara,t,superadmin,2021-05-21 14:02:21.995961,,,f,
HARD,Hay Riad,4,Zone,RAB,fra,t,superadmin,2021-05-21 14:02:21.995961,,,f,
10104,10104,5,Postal Code,HARD,eng,t,superadmin,2021-05-21 14:02:21.995961,,,f,
10104,10104,5,الرمز البريدي,HARD,ara,t,superadmin,2021-05-21 14:02:21.995961,,,f,
10104,10104,5,code postal,HARD,fra,t,superadmin,2021-05-21 14:02:21.995961,,,f,
MDDR,Medina de Rabat,4,Zone,RAB,eng,t,superadmin,2021-05-21 14:02:21.995961,,,f,
MDDR,مدينة,4,منطقة,RAB,ara,t,superadmin,2021-05-21 14:02:21.995961,,,f,
MDDR,Médina de Rabat,4,Zone,RAB,fra,t,superadmin,2021-05-21 14:02:21.995961,,,f,
10036,10036,5,Postal Code,MDDR,eng,t,superadmin,2021-05-21 14:02:21.995961,,,f,
10036,10036,5,الرمز البريدي,MDDR,ara,t,superadmin,2021-05-21 14:02:21.995961,,,f,
10036,10036,5,code postal,MDDR,fra,t,superadmin,2021-05-21 14:02:21.995961,,,f,
ELYF,EL YOUSSOUFIA,4,Zone,RAB,eng,t,superadmin,2021-05-21 14:02:21.995961,,,f,
ELYF,اليوسفية,4,منطقة,RAB,ara,t,superadmin,2021-05-21 14:02:21.995961,,,f,
ELYF,EL YOUSSOUFIA,4,Zone,RAB,fra,t,superadmin,2021-05-21 14:02:21.995961,,,f,
10190,10190,5,Postal Code,ELYF,eng,t,superadmin,2021-05-21 14:02:21.995961,,,f,
10190,10190,5,الرمز البريدي,ELYF,ara,t,superadmin,2021-05-21 14:02:21.995961,,,f,
10190,10190,5,code postal,ELYF,fra,t,superadmin,2021-05-21 14:02:21.995961,,,f,
10110,10110,5,Postal Code,BNMR,eng,t,superadmin,2021-05-21 14:02:21.995961,,,f,
10111,10111,5,Postal Code,BNMR,eng,t,superadmin,2021-05-21 14:02:21.995961,,,f,
10113,10113,5,Postal Code,BNMR,eng,t,superadmin,2021-05-21 14:02:21.995961,,,f,
10114,10114,5,Postal Code,BNMR,eng,t,superadmin,2021-05-21 14:02:21.995961,,,f,
10111,10111,5,code postal,BNMR,fra,t,superadmin,2021-05-21 14:02:21.995961,,,f,
10110,10110,5,code postal,BNMR,fra,t,superadmin,2021-05-21 14:02:21.995961,,,f,
10113,10113,5,code postal,BNMR,fra,t,superadmin,2021-05-21 14:02:21.995961,,,f,
10114,10114,5,code postal,BNMR,fra,t,superadmin,2021-05-21 14:02:21.995961,,,f,
10111,10111,5,الرمز البريدي,BNMR,ara,t,superadmin,2021-05-21 14:02:21.995961,,,f,
10110,10110,5,الرمز البريدي,BNMR,ara,t,superadmin,2021-05-21 14:02:21.995961,,,f,
10113,10113,5,الرمز البريدي,BNMR,ara,t,superadmin,2021-05-21 14:02:21.995961,,,f,
10114,10114,5,الرمز البريدي,BNMR,ara,t,superadmin,2021-05-21 14:02:21.995961,,,f,
