MOR,MyCountry,0,Country,,eng,t,superadmin,2021-01-29 09:30:11.843744,,,,
10000,10000,4,Postal Code,ATHU,eng,t,superadmin,2021-01-29 09:30:11.843744,,,,
10105,10105,4,Postal Code,ATHU,eng,t,superadmin,2021-01-29 09:30:11.843744,,,,
10106,10106,4,Postal Code,ATHU,eng,t,superadmin,2021-01-29 09:30:11.843744,,,,
14000,14000,4,Postal Code,ATHU,eng,t,superadmin,2021-01-29 09:30:11.843744,,,,
14022,14022,4,Postal Code,ATHU,eng,t,superadmin,2021-01-29 09:30:11.843744,,,,
14023,14023,4,Postal Code,ATHU,eng,t,superadmin,2021-01-29 09:30:11.843744,,,,
14025,14025,4,Postal Code,ATHU,eng,t,superadmin,2021-01-29 09:30:11.843744,,,,
14050,14050,4,Postal Code,ATHU,eng,t,superadmin,2021-01-29 09:30:11.843744,,,,
14053,14053,4,Postal Code,ATHU,eng,t,superadmin,2021-01-29 09:30:11.843744,,,,
14080,14080,4,Postal Code,ATHU,eng,t,superadmin,2021-01-29 09:30:11.843744,,,,
14110,14110,4,Postal Code,ATHU,eng,t,superadmin,2021-01-29 09:30:11.843744,,,,
WSR,බස්නාහිර ,1,පළාත,MOR,sin,t,superadmin,2021-03-18 15:00:00.843744,,,,
UVA,ඌව,1,පළාත,MOR,sin,t,superadmin,2021-03-18 15:00:00.843744,,,,
STN,දකුණු,1,පළාත,MOR,sin,t,superadmin,2021-03-18 15:00:00.843744,,,,
SBG,සබරගමුව,1,පළාත,MOR,sin,t,superadmin,2021-03-18 15:00:00.843744,,,,
NWT,වයඹ,1,පළාත,MOR,sin,t,superadmin,2021-03-18 15:00:00.843744,,,,
NTN,උතුරු ,1,පළාත,MOR,sin,t,superadmin,2021-03-18 15:00:00.843744,,,,
NCR,උතුරු මැද,1,පළාත,MOR,sin,t,superadmin,2021-03-18 15:00:00.843744,,,,
EST,නැගෙනහිර,1,පළාත,MOR,sin,t,superadmin,2021-03-18 15:00:00.843744,,,,
CTR,මධ්‍යම,1,පළාත,MOR,sin,t,superadmin,2021-03-18 15:00:00.843744,,,,
ATHU,අතුරුගිරිය,3,නගරය,COL,sin,t,superadmin,2021-03-18 15:00:00.843744,,,,
AKA,අකරවිට,3,නගරය,COL,sin,t,superadmin,2021-03-18 15:00:00.843744,,,,
CTR,Central,1,Province,MOR,eng,t,superadmin,2021-01-29 09:30:11.843744,,,,
TRI,Trincomalee,2,District,EST,eng,t,superadmin,2021-01-29 09:30:11.843744,,,,
ANU,Anuradhapura,2,District,NCR,eng,t,superadmin,2021-01-29 09:30:11.843744,,,,
EST,"Eastern
",1,Province,MOR,eng,t,superadmin,2021-01-29 09:30:11.843744,,,,
NCR,"North Central
",1,Province,MOR,eng,t,superadmin,2021-01-29 09:30:11.843744,,,,
NTN,"Northern
",1,Province,MOR,eng,t,superadmin,2021-01-29 09:30:11.843744,,,,
POL,Polonnaruwa,2,District,NCR,eng,t,superadmin,2021-01-29 09:30:11.843744,,,,
KAN,Kandy,2,District,CTR,eng,t,superadmin,2021-01-29 09:30:11.843744,,,,
NWT,North Western,1,Province,MOR,eng,t,superadmin,2021-01-29 09:30:11.843744,,,,
SBG,Sabaragamuwa,1,Province,MOR,eng,t,superadmin,2021-01-29 09:30:11.843744,,,,
STN,Southern,1,Province,MOR,eng,t,superadmin,2021-01-29 09:30:11.843744,,,,
MAT,Matale,2,District,CTR,eng,t,superadmin,2021-01-29 09:30:11.843744,,,,
NUA,Nuwara Eliya,2,District,CTR,eng,t,superadmin,2021-01-29 09:30:11.843744,,,,
UVA,"Uva
",1,Province,MOR,eng,t,superadmin,2021-01-29 09:30:11.843744,,,,
WSR,Western,1,Province,MOR,eng,t,superadmin,2021-01-29 09:30:11.843744,,,,
COL,Colombo,2,District,WSR,eng,t,superadmin,2021-01-29 09:30:11.843744,,,,
GAM,Gampaha,2,District,WSR,eng,t,superadmin,2021-01-29 09:30:11.843744,,,,
KAL,"Kalutara
",2,District,WSR,eng,t,superadmin,2021-01-29 09:30:11.843744,,,,
KEG,Kegalle,2,District,SBG,eng,t,superadmin,2021-01-29 09:30:11.843744,,,,
KUR,"Kurunegala
",2,District,NWT,eng,t,superadmin,2021-01-29 09:30:11.843744,,,,
PUT,Puttalam,2,District,NWT,eng,t,superadmin,2021-01-29 09:30:11.843744,,,,
RAT,Ratnapura,2,District,SBG,eng,t,superadmin,2021-01-29 09:30:11.843744,,,,
VAU,Vavuniya,2,District,NTN,eng,t,superadmin,2021-01-29 09:30:11.843744,,,,
10036,10036,4,Postal Code,ATHU,eng,t,superadmin,2021-01-29 09:30:11.843744,,,,
10104,10104,4,Postal Code,ATHU,eng,t,superadmin,2021-01-29 09:30:11.843744,,,,
10110,10110,4,Postal Code,ATHU,eng,t,superadmin,2021-01-29 09:30:11.843744,,,,
10111,10111,4,Postal Code,ATHU,eng,t,superadmin,2021-01-29 09:30:11.843744,,,,
10112,10112,4,Postal Code,ATHU,eng,t,superadmin,2021-01-29 09:30:11.843744,,,,
10113,10113,4,Postal Code,ATHU,eng,t,superadmin,2021-01-29 09:30:11.843744,,,,
10114,10114,4,Postal Code,ATHU,eng,t,superadmin,2021-01-29 09:30:11.843744,,,,
10190,10190,4,Postal Code,ATHU,eng,t,superadmin,2021-01-29 09:30:11.843744,,,,
JFN,Jaffna,2,District,NTN,eng,t,superadmin,2021-01-29 09:30:11.843744,,,,
TRI,ත්‍රිකුණාමලය,2,දිස්ත්‍රික්කය,EST,sin,t,superadmin,2021-03-18 15:00:00.843744,,,,
ANU,අනුරාධපුර,2,දිස්ත්‍රික්කය,NCR,sin,t,superadmin,2021-03-18 15:00:00.843744,,,,
POL,පොළොන්නරුව,2,දිස්ත්‍රික්කය,NCR,sin,t,superadmin,2021-03-18 15:00:00.843744,,,,
KIL,Kilinochchi,2,District,NTN,eng,t,superadmin,2021-01-29 09:30:11.843744,,,,
KAN,මහනුවර,2,දිස්ත්‍රික්කය,CTR,sin,t,superadmin,2021-03-18 15:00:00.843744,,,,
MAN,Mannar,2,District,NTN,eng,t,superadmin,2021-01-29 09:30:11.843744,,,,
MAT,මාතලේ,2,දිස්ත්‍රික්කය,CTR,sin,t,superadmin,2021-03-18 15:00:00.843744,,,,
MUL,Mullaitivu,2,District,NTN,eng,t,superadmin,2021-01-29 09:30:11.843744,,,,
NUA,නුවරඑළිය,2,දිස්ත්‍රික්කය,CTR,sin,t,superadmin,2021-03-18 15:00:00.843744,,,,
COL,කොළඹ,2,දිස්ත්‍රික්කය,WSR,sin,t,superadmin,2021-03-18 15:00:00.843744,,,,
GAM,ගම්පහ,2,දිස්ත්‍රික්කය,WSR,sin,t,superadmin,2021-03-18 15:00:00.843744,,,,
KAL,කළුතර,2,දිස්ත්‍රික්කය,WSR,sin,t,superadmin,2021-03-18 15:00:00.843744,,,,
KEG,කෑගල්ල,2,දිස්ත්‍රික්කය,SBG,sin,t,superadmin,2021-03-18 15:00:00.843744,,,,
AMP,Ampara,2,District,EST,eng,t,superadmin,2021-01-29 09:30:11.843744,,,,
BAT,Batticaloa,2,District,EST,eng,t,superadmin,2021-01-29 09:30:11.843744,,,,
BAD,Badulla,2,District,UVA,eng,t,superadmin,2021-01-29 09:30:11.843744,,,,
GAL,Galle,2,District,STN,eng,t,superadmin,2021-01-29 09:30:11.843744,,,,
HAM,Hambantota,2,District,STN,eng,t,superadmin,2021-01-29 09:30:11.843744,,,,
MAR,Matara,2,District,STN,eng,t,superadmin,2021-01-29 09:30:11.843744,,,,
MON,Monaragala,2,District,UVA,eng,t,superadmin,2021-01-29 09:30:11.843744,,,,
ATHU,Athurugiriya,3,City,COL,eng,t,superadmin,2021-01-29 09:30:11.843744,,,,
AKA,Akarawita,3,City,COL,eng,t,superadmin,2021-01-29 09:30:11.843744,,,,
KUR,කුරුණෑගල,2,දිස්ත්‍රික්කය,NWT,sin,t,superadmin,2021-03-18 15:00:00.843744,,,,
PUT,පුත්තලම,2,දිස්ත්‍රික්කය,NWT,sin,t,superadmin,2021-03-18 15:00:00.843744,,,,
RAT,රත්නපුර,2,දිස්ත්‍රික්කය,SBG,sin,t,superadmin,2021-03-18 15:00:00.843744,,,,
VAU,වවුනියාව,2,දිස්ත්‍රික්කය,NTN,sin,t,superadmin,2021-03-18 15:00:00.843744,,,,
JFN,යාපනය,2,දිස්ත්‍රික්කය,NTN,sin,t,superadmin,2021-03-18 15:00:00.843744,,,,
KIL,කිලිනොච්චිය,2,දිස්ත්‍රික්කය,NTN,sin,t,superadmin,2021-03-18 15:00:00.843744,,,,
MAN,මන්නාරම,2,දිස්ත්‍රික්කය,NTN,sin,t,superadmin,2021-03-18 15:00:00.843744,,,,
MUL,මුලතිව්,2,දිස්ත්‍රික්කය,NTN,sin,t,superadmin,2021-03-18 15:00:00.843744,,,,
AMP,අම්පාර,2,දිස්ත්‍රික්කය,EST,sin,t,superadmin,2021-03-18 15:00:00.843744,,,,
BAT,මඩකලපුව,2,දිස්ත්‍රික්කය,EST,sin,t,superadmin,2021-03-18 15:00:00.843744,,,,
BAD,බදුල්ල,2,දිස්ත්‍රික්කය,UVA,sin,t,superadmin,2021-03-18 15:00:00.843744,,,,
GAL,ගාල්ල,2,දිස්ත්‍රික්කය,STN,sin,t,superadmin,2021-03-18 15:00:00.843744,,,,
HAM,හම්බන්තොට,2,දිස්ත්‍රික්කය,STN,sin,t,superadmin,2021-03-18 15:00:00.843744,,,,
MAR,මාතර,2,දිස්ත්‍රික්කය,STN,sin,t,superadmin,2021-03-18 15:00:00.843744,,,,
MON,මොණරාගල,2,දිස්ත්‍රික්කය,UVA,sin,t,superadmin,2021-03-18 15:00:00.843744,,,,
10000,10000,4,තැපැල් කේතය,ATHU,sin,t,superadmin,2021-03-18 15:00:00.843744,,,,
10105,10105,4,තැපැල් කේතය,ATHU,sin,t,superadmin,2021-03-18 15:00:00.843744,,,,
10106,10106,4,තැපැල් කේතය,ATHU,sin,t,superadmin,2021-03-18 15:00:00.843744,,,,
14000,14000,4,තැපැල් කේතය,ATHU,sin,t,superadmin,2021-03-18 15:00:00.843744,,,,
14022,14022,4,තැපැල් කේතය,ATHU,sin,t,superadmin,2021-03-18 15:00:00.843744,,,,
14023,14023,4,තැපැල් කේතය,ATHU,sin,t,superadmin,2021-03-18 15:00:00.843744,,,,
14025,14025,4,තැපැල් කේතය,ATHU,sin,t,superadmin,2021-03-18 15:00:00.843744,,,,
14050,14050,4,තැපැල් කේතය,ATHU,sin,t,superadmin,2021-03-18 15:00:00.843744,,,,
14053,14053,4,තැපැල් කේතය,ATHU,sin,t,superadmin,2021-03-18 15:00:00.843744,,,,
14080,14080,4,තැපැල් කේතය,ATHU,sin,t,superadmin,2021-03-18 15:00:00.843744,,,,
14110,14110,4,තැපැල් කේතය,ATHU,sin,t,superadmin,2021-03-18 15:00:00.843744,,,,
10036,10036,4,තැපැල් කේතය,ATHU,sin,t,superadmin,2021-03-18 15:00:00.843744,,,,
10104,10104,4,තැපැල් කේතය,ATHU,sin,t,superadmin,2021-03-18 15:00:00.843744,,,,
10110,10110,4,තැපැල් කේතය,ATHU,sin,t,superadmin,2021-03-18 15:00:00.843744,,,,
10111,10111,4,තැපැල් කේතය,ATHU,sin,t,superadmin,2021-03-18 15:00:00.843744,,,,
10112,10112,4,තැපැල් කේතය,ATHU,sin,t,superadmin,2021-03-18 15:00:00.843744,,,,
10113,10113,4,තැපැල් කේතය,ATHU,sin,t,superadmin,2021-03-18 15:00:00.843744,,,,
10114,10114,4,තැපැල් කේතය,ATHU,sin,t,superadmin,2021-03-18 15:00:00.843744,,,,
10190,10190,4,තැපැල් කේතය,ATHU,sin,t,superadmin,2021-03-18 15:00:00.843744,,,,
MOR,ශ්‍රී ලංකාව,0,රට,,sin,t,superadmin,2021-03-18 15:00:00.843744,,,,
