REG,Regular,Regular Registration Center,eng,t,superadmin,2021-01-29 09:30:10.707417,,,,
REG,منتظم,مركز التسجيل العادي,ara,t,superadmin,2021-01-29 09:30:10.707417,,,,
REG,Ordinaire,Centre dinscription régulière,fra,t,superadmin,2021-01-29 09:30:10.707417,,,,
IIR,WeekEnd,Test,eng,t,110006,2021-02-01 06:52:48.285665,,,,
IIR,WeekEnd,Test,ara,t,110006,2021-02-01 06:52:48.38659,,,,
REG,නිතිපතා,නිත්‍ය ලියාපදිංචි මධ්‍යස්ථානය,sin,t,superadmin,2021-05-06 13:32:10.707417,,,,
