1113,Template for update details Email,Template for update details Email,txt,velocity,"Dear $!fullName_eng,

Details of the UIN for the Registration ID: $!RID have been successfully updated. The physical copy of the updated UIN will reach your postal address accordingly.

Thank you.
	.",10003,Registration Processor,RPR_UIN_UPD_EMAIL,eng,t,superadmin,2021-01-29 09:30:12.41577,,,,
1107,Template for duplicate UIN Email,Template for duplicate UIN Email,txt,velocity,"Dear $!fullName_eng,

Your request for Registration for the Registration ID: $!RID has failed due to duplication of data in another UIN entry. Please visit your nearest Registration office for further information.

Thank you.
SL-UDI Team.",10003,Registration Processor,RPR_DUP_UIN_EMAIL,eng,t,superadmin,2021-01-29 09:30:12.41577,,,,
1145,auth otp service,auth otp service for sending otp,txt,velocity,"Dear Citizen,

Your OTP is $otp.

Thank you.
SL-UDI Team.",10002,Registration Client,auth-otp-sms-template,eng,t,superadmin,2021-01-29 09:30:12.41577,,,,
1148,auth otp service,auth otp service for sending otp,txt,velocity,"Dear Citizen,

Your OTP is $otp.

Thank you.
SL-UDI Team.",
1111,Template for UIN generation Email,Template for UIN generation Email,txt,velocity,"Dear $!fullName_eng,

The request for registration for the Registration ID: $!RID has been successfully completed.
The UIN has been generated for the aforementioned Registration ID and will reach your postal address accordingly.

Thank you.
SL-UDI Team.",10003,Registration Processor,RPR_UIN_GEN_EMAIL,eng,t,superadmin,2021-01-29 09:30:12.41577,,2021-03-04 15:00:12.41577,,
1139,enregistrement Modèle de remerciement - Partie 2,Accusé de réception généré après lenregistrement - Partie 2,txt,velocity,"<body><div class=section><div class=form><table ${AckReceipt} class=${headerTable}><tr><td class=bottom><img src=${QRCodeSource} width=85 height=85/></td><td class=bottom><p class=headings>${RIDPrimLabel}</p><br/>${RID}</td><td ${UINUpdate} class=bottom><p class=headings>${UINPrimLabel} </p><br/>${UIN}</td><td class=bottom><p class=headings>${DatePrimLabel} </p><br/>${Date}</td></tr></table><table ${Preview} class=headerTable><tr><td ${IsPreRegIDPresent}><p class=headings>${PreRegIDPrimLabel}</p><br/>${PreRegID}</td><td><p class=headings>${DatePrimLabel} </p><br/>${Date}</td></tr></table><br/><hr/><p class=head><b> ${DemographicInfo}  </b></p><div ${Preview} class=modify><img src=${ModifyImageSource} border=0 width=15 height=15/><button id=modifyDemographicInfo>${Modify}</button></div><hr/><div class='"demoDiv'"><table class=dataTable>#foreach( $data in $demographicsdata ) #if('"'"!=$data.get('"primaryValue'"))<tr><td><p class=headings>$data.get('"primaryLabel'")</p> <br/><p> $data.get('"primaryValue'")</p></td></tr> #end #end </table></div><div ${uinUpdateWithoutBiometrics} class='"photoDiv'"><table><tr><td><p>${PhotoPrim} </p></td></tr><tr><td><img src=${ApplicantImageSource} border=0 width=100 height=100/></td></tr></table></div><div style='"width: 100%; height: 50%; clear:both'"></div><br/><p ${DocumentsEnabled} class=head><b>${DocumentsPrimLabel} </b></p><div ${DocumentsEnabled} ${Preview} class=modify><img src=${ModifyImageSource} border=0 width=15 height=15/><button id=modifyDocuments>${Modify}</button></div><hr ${DocumentsEnabled}/><table ${DocumentsEnabled}><tr><td><br/>${Documents}<br/>${DocumentsSec}</td></tr></table><br/>",10005,Inscription,reg-ack-template-part2,fra,t,superadmin,2021-01-29 09:30:12.41577,,,,
1140,إقرار تم إنشاؤه بعد التسجيل - الجزء 3,قالب الاعتراف بالتسجيل - الجزء 3,txt,velocity,"<p ${BiometricsEnabled} class=head><b>${BiometricsPrimLabel} </b></p><div ${BiometricsEnabled} ${Preview} class=modify><img src=${ModifyImageSource} border=0 width=15 height=15/><button id=modifyBiometrics>${Modify}</button></div><hr ${BiometricsEnabled}/>#foreach( $biodata in $biometricsData )<table ${BiometricsEnabled}><tr><td>$biodata.get('"BiometricsFieldPrimLabel'")<br/><p class=headings>$biodata.get('"Biometrics'")<br/>$biodata.get('"BiometricsSec'")</p><br/></td></tr><table ${BiometricsEnabled} class=biometricsTable><tr><td $biodata.get('"leftEyeCaptured'") ><p class=headings>$biodata.get('"LeftEyePrimLabel'") </p></td><td $biodata.get('"rightEyeCaptured'") ><p class=headings>$biodata.get('"RightEyePrimLabel'") </p></td></tr><tr ${AckReceipt}><td $biodata.get('"leftEyeCaptured'") ><div class=biometrics><h5 class=parentIris1>$biodata.get('"LeftEye'")</h5><img src=$biodata.get('"EyeImageSource'") border=0 width=85 height=80/></div></td><td $biodata.get('"rightEyeCaptured'") ><div class=biometrics><h5 class=parentIris1>$biodata.get('"RightEye'")</h5><img src=$biodata.get('"EyeImageSource'") border=0 width=85 height=80/></div></td></tr><tr ${Preview}><td $biodata.get('"leftEyeCaptured'") ><img src=$biodata.get('"CapturedLeftEye'") border=0 width=85 height=80/></td><td $biodata.get('"rightEyeCaptured'") ><img src=$biodata.get('"CapturedRightEye'") border=0 width=85 height=80/></td></tr></table><table ${BiometricsEnabled} $biodata.get('"FingerprintsCaptured'") class=biometricsTable><tr><td $biodata.get('"leftSlapCaptured'") ><p class=headings>$biodata.get('"LeftPalmPrimLabel'")</p></td><td $biodata.get('"rightSlapCaptured'") ><p class=headings>$biodata.get('"RightPalmPrimLabel'") </p></td><td $biodata.get('"thumbsCaptured'") ><p class=headings>$biodata.get('"ThumbsPrimLabel'")</p></td></tr><tr ${AckReceipt}><td $biodata.get('"leftSlapCaptured'") ><div class=biometrics><h5 class=leftLittle>$biodata.get('"leftLittle'")</h5><h5 class=leftRing>$biodata.get('"leftRing'")</h5><h5 class=leftMiddle>$biodata.get('"leftMiddle'")</h5><h5 class=leftIndex>$biodata.get('"leftIndex'")</h5><img src=$biodata.get('"LeftPalmImageSource'") border=0 width=85 height=80/></div></td><td $biodata.get('"rightSlapCaptured'") ><div class=biometrics><h5 class=rightIndex>$biodata.get('"rightIndex'")</h5><h5 class=rightMiddle>$biodata.get('"rightMiddle'")</h5><h5 class=rightRing>$biodata.get('"rightRing'")</h5><h5 class=rightLittle>$biodata.get('"rightLittle'")</h5><img src=$biodata.get('"RightPalmImageSource'") border=0 width=85 height=80/></div></td><td $biodata.get('"thumbsCaptured'") ><div class=biometrics><h5 class=leftThumb>$biodata.get('"leftThumb'")</h5><h5 class=rightThumb>$biodata.get('"rightThumb'")</h5><img src=$biodata.get('"ThumbsImageSource'") border=0 width=85 height=80/></div></td></tr><tr ${Preview}><td $biodata.get('"leftSlapCaptured'") ><img src=$biodata.get('"CapturedLeftSlap'") border=0 width=85 height=80/></td><td $biodata.get('"rightSlapCaptured'") ><img src=$biodata.get('"CapturedRightSlap'") border=0 width=85 height=80/></td><td $biodata.get('"thumbsCaptured'") ><img src=$biodata.get('"CapturedThumbs'") border=0 width=85 height=80/></td></tr></table>",10005,التسجيل,reg-ack-template-part3,ara,t,superadmin,2021-01-29 09:30:12.41577,,,,
1140,enregistrement Modèle de remerciement - Partie 3,Accusé de réception généré après lenregistrement - Partie 3,txt,velocity,"<p ${BiometricsEnabled} class=head><b>${BiometricsPrimLabel} </b></p><div ${BiometricsEnabled} ${Preview} class=modify><img src=${ModifyImageSource} border=0 width=15 height=15/><button id=modifyBiometrics>${Modify}</button></div><hr ${BiometricsEnabled}/>#foreach( $biodata in $biometricsData )<table ${BiometricsEnabled}><tr><td>$biodata.get('"BiometricsFieldPrimLabel'")<br/><p class=headings>$biodata.get('"Biometrics'")<br/>$biodata.get('"BiometricsSec'")</p><br/></td></tr><table ${BiometricsEnabled} class=biometricsTable><tr><td $biodata.get('"leftEyeCaptured'") ><p class=headings>$biodata.get('"LeftEyePrimLabel'") </p></td><td $biodata.get('"rightEyeCaptured'") ><p class=headings>$biodata.get('"RightEyePrimLabel'") </p></td></tr><tr ${AckReceipt}><td $biodata.get('"leftEyeCaptured'") ><div class=biometrics><h5 class=parentIris1>$biodata.get('"LeftEye'")</h5><img src=$biodata.get('"EyeImageSource'") border=0 width=85 height=80/></div></td><td $biodata.get('"rightEyeCaptured'") ><div class=biometrics><h5 class=parentIris1>$biodata.get('"RightEye'")</h5><img src=$biodata.get('"EyeImageSource'") border=0 width=85 height=80/></div></td></tr><tr ${Preview}><td $biodata.get('"leftEyeCaptured'") ><img src=$biodata.get('"CapturedLeftEye'") border=0 width=85 height=80/></td><td $biodata.get('"rightEyeCaptured'") ><img src=$biodata.get('"CapturedRightEye'") border=0 width=85 height=80/></td></tr></table><table ${BiometricsEnabled} $biodata.get('"FingerprintsCaptured'") class=biometricsTable><tr><td $biodata.get('"leftSlapCaptured'") ><p class=headings>$biodata.get('"LeftPalmPrimLabel'")</p></td><td $biodata.get('"rightSlapCaptured'") ><p class=headings>$biodata.get('"RightPalmPrimLabel'") </p></td><td $biodata.get('"thumbsCaptured'") ><p class=headings>$biodata.get('"ThumbsPrimLabel'")</p></td></tr><tr ${AckReceipt}><td $biodata.get('"leftSlapCaptured'") ><div class=biometrics><h5 class=leftLittle>$biodata.get('"leftLittle'")</h5><h5 class=leftRing>$biodata.get('"leftRing'")</h5><h5 class=leftMiddle>$biodata.get('"leftMiddle'")</h5><h5 class=leftIndex>$biodata.get('"leftIndex'")</h5><img src=$biodata.get('"LeftPalmImageSource'") border=0 width=85 height=80/></div></td><td $biodata.get('"rightSlapCaptured'") ><div class=biometrics><h5 class=rightIndex>$biodata.get('"rightIndex'")</h5><h5 class=rightMiddle>$biodata.get('"rightMiddle'")</h5><h5 class=rightRing>$biodata.get('"rightRing'")</h5><h5 class=rightLittle>$biodata.get('"rightLittle'")</h5><img src=$biodata.get('"RightPalmImageSource'") border=0 width=85 height=80/></div></td><td $biodata.get('"thumbsCaptured'") ><div class=biometrics><h5 class=leftThumb>$biodata.get('"leftThumb'")</h5><h5 class=rightThumb>$biodata.get('"rightThumb'")</h5><img src=$biodata.get('"ThumbsImageSource'") border=0 width=85 height=80/></div></td></tr><tr ${Preview}><td $biodata.get('"leftSlapCaptured'") ><img src=$biodata.get('"CapturedLeftSlap'") border=0 width=85 height=80/></td><td $biodata.get('"rightSlapCaptured'") ><img src=$biodata.get('"CapturedRightSlap'") border=0 width=85 height=80/></td><td $biodata.get('"thumbsCaptured'") ><img src=$biodata.get('"CapturedThumbs'") border=0 width=85 height=80/></td></tr></table>",10005,Inscription,reg-ack-template-part3,fra,t,superadmin,2021-01-29 09:30:12.41577,,,,
1141,Registration Acknowledgement Template - Part 4,Acknowledgement generated after registration - Part 4,txt,velocity,"<table ${BiometricsEnabled} class=biometricsTable><tr><td $biodata.get('"WithException'") ><p class=headings>$biodata.get('"ExceptionPhotoPrimLabel'")</p></td><td $biodata.get('"FaceCaptureEnabled'") ><p class=headings>$biodata.get('"PhotoPrim'")</p></td></tr><tr><td $biodata.get('"WithException'") ><img src=$biodata.get('"ExceptionImageSource'") border=0 width=80 height=80/></td><td $biodata.get('"FaceCaptureEnabled'") ><img src=$biodata.get('"FaceImageSource'") border=0 width=100 height=100/></td></tr></table></table><br/>#end<br/><div ${Preview}><p class=head><b>${Consent}</b></p><div class=consent-block id=radioId><div class=consent-text>${ConsentData}</div><input type=radio name=consent id=consent-yes value=yes ${SelectedYes} onchange=changeColour(this)><label for=consent-yes>${Yes}</label> &nbsp;&nbsp;&nbsp;<input type=radio name=consent id=consent-no value=no ${SelectedNo} onchange=changeColour(this)><label for=consent-no>${No}</label></div></div><table class=dataTable><tr><td ${ROImage}><img src=${ROImageSource} border=0 width=80 height=80/></td><td><p class=headings>${RONamePrimLabel} </p><br/>${ROName}<br/>${RONameSec}</td><td><p class=headings>${RegCenterPrimLabel} </p><br/>${RegCenter}<br/>${RegCenterSec}</td></tr></table><hr/><br/></div><div ${AckReceipt}><p>${ImportantGuidelines}</p><ul>${Guidelines}</ul></div></div></body></html>",10005,Registration,reg-ack-template-part4,eng,t,superadmin,2021-01-29 09:30:12.41577,,,,
1141,"قالب الاعتراف بالتسجيل - الجزء 4'',''الإ",ر المتولد بعد التسجيل - الجزء 4,txt,velocity,"<table ${BiometricsEnabled} class=biometricsTable><tr><td $biodata.get('"WithException'") ><p class=headings>$biodata.get('"ExceptionPhotoPrimLabel'")</p></td><td $biodata.get('"FaceCaptureEnabled'") ><p class=headings>$biodata.get('"PhotoPrim'")</p></td></tr><tr><td $biodata.get('"WithException'") ><img src=$biodata.get('"ExceptionImageSource'") border=0 width=80 height=80/></td><td $biodata.get('"FaceCaptureEnabled'") ><img src=$biodata.get('"FaceImageSource'") border=0 width=100 height=100/></td></tr></table></table><br/>#end<br/><div ${Preview}><p class=head><b>${Consent}</b></p><div class=consent-block id=radioId><div class=consent-text>${ConsentData}</div><input type=radio name=consent id=consent-yes value=yes ${SelectedYes} onchange=changeColour(this)><label for=consent-yes>${Yes}</label> &nbsp;&nbsp;&nbsp;<input type=radio name=consent id=consent-no value=no ${SelectedNo} onchange=changeColour(this)><label for=consent-no>${No}</label></div></div><table class=dataTable><tr><td ${ROImage}><img src=${ROImageSource} border=0 width=80 height=80/></td><td><p class=headings>${RONamePrimLabel} </p><br/>${ROName}<br/>${RONameSec}</td><td><p class=headings>${RegCenterPrimLabel} </p><br/>${RegCenter}<br/>${RegCenterSec}</td></tr></table><hr/><br/></div><div ${AckReceipt}><p>${ImportantGuidelines}</p><ul>${Guidelines}</ul></div></div></body></html>",10005,التسجيل,reg-ack-template-part4,ara,t,superadmin,2021-01-29 09:30:12.41577,,,,
1141,enregistrement Modèle de remerciement - Partie 4,Accusé de réception généré après lenregistrement - Partie 4,txt,velocity,"<table ${BiometricsEnabled} class=biometricsTable><tr><td $biodata.get('"WithException'") ><p class=headings>$biodata.get('"ExceptionPhotoPrimLabel'")</p></td><td $biodata.get('"FaceCaptureEnabled'") ><p class=headings>$biodata.get('"PhotoPrim'")</p></td></tr><tr><td $biodata.get('"WithException'") ><img src=$biodata.get('"ExceptionImageSource'") border=0 width=80 height=80/></td><td $biodata.get('"FaceCaptureEnabled'") ><img src=$biodata.get('"FaceImageSource'") border=0 width=100 height=100/></td></tr></table></table><br/>#end<br/><div ${Preview}><p class=head><b>${Consent}</b></p><div class=consent-block id=radioId><div class=consent-text>${ConsentData}</div><input type=radio name=consent id=consent-yes value=yes ${SelectedYes} onchange=changeColour(this)><label for=consent-yes>${Yes}</label> &nbsp;&nbsp;&nbsp;<input type=radio name=consent id=consent-no value=no ${SelectedNo} onchange=changeColour(this)><label for=consent-no>${No}</label></div></div><table class=dataTable><tr><td ${ROImage}><img src=${ROImageSource} border=0 width=80 height=80/></td><td><p class=headings>${RONamePrimLabel} </p><br/>${ROName}<br/>${RONameSec}</td><td><p class=headings>${RegCenterPrimLabel} </p><br/>${RegCenter}<br/>${RegCenterSec}</td></tr></table><hr/><br/></div><div ${AckReceipt}><p>${ImportantGuidelines}</p><ul>${Guidelines}</ul></div></div></body></html>",10005,Inscription,reg-ack-template-part4,fra,t,superadmin,2021-01-29 09:30:12.41577,,,,
1142,auth otp service,auth otp service for sending otp,txt,velocity,"Dear Citizen,

Your OTP is $otp.

Thank you.
SL-UDI Team.",10001,Pre-Registration,auth-otp-sms-template,eng,t,superadmin,2021-01-29 09:30:12.41577,,,,
1130,Template for email subject of Acknowledgement,Template for email subject of Acknowledgement,txt,velocity,SL-UDI Registration Appointment,10001,Pre-Registration,Acknowledgement-email-subject,eng,t,superadmin,2021-01-29 09:30:12.41577,,,,
1225,Registration Packet Validation Success Email Sub,Registration Packet Validation Success Email Sub,txt,velocity,SL-UDI Registration Acknowledgement,10003,Registration Processor,RPR_RPV_SUC_EMAIL_SUB,eng,t,superadmin,2021-01-29 09:30:12.41577,,,,
1211,Registration Packet Validation Success Email,Registration Packet Validation Success Email,txt,velocity,"Hi $!name_eng,

Your request for registration against the RID: $!RID is being processed.

Thank you.
SL-UDI Team.",10003,Registration Processor,RPR_RPV_SUC_EMAIL,eng,t,superadmin,2021-01-29 09:30:12.41577,,,,
1215,Lost Packet Validation Success Email,Lost Packet Validation Success Email,txt,velocity,"Hi $!name_eng,

We have received your request to find lost UIN details against the RID: $!RID. 
This request is in process.

Thank you.
SL-UDI Team.",10003,Registration Processor,RPR_LPV_SUC_EMAIL,eng,t,superadmin,2021-01-29 09:30:12.41577,,,,
1124,Template for Email Acknowledgement,Template for Email Acknowledgement,txt,velocity,"Dear $name,

Your Pre-Registration for UIN has been completed successfully
 on $Date at $Time. Your Pre-Registration ID is #$PRID.
Registration appointment is scheduled for $Appointmentdate at $Appointmenttime.
Aforementioned details will be shared on your registered mobile number as well.

Thank you.
SL-UDI Team.",10001,Pre-Registration,Email-Acknowledgement,eng,t,superadmin,2021-01-29 09:30:12.41577,,,,
1144,auth otp email service subject,auth otp email service subject,txt,velocity,"Dear Citizen,

Your OTP is $otp.

Thank you.
SL-UDI Team.",10001,Pre-Registration,auth-otp-email-content-template,eng,t,superadmin,2021-01-29 09:30:12.41577,,,,
1147,auth otp email service subject,auth otp email service subject,txt,velocity,"Dear Citizen,

Your OTP is $otp.

Thank you.
SL-UDI Team.",10002,Registration Client,auth-otp-email-content-template,eng,t,superadmin,2021-01-29 09:30:12.41577,,,,
1150,auth otp email service subject,auth otp email service subject,txt,velocity,"Dear Citizen,

Your OTP is $otp.

Thank you.
SL-UDI Team.",10004,ID Authentication,auth-otp-email-content-template,eng,t,superadmin,2021-01-29 09:30:12.41577,,,,
1109,Template for Technical Issue Email,Template for Technical Issue Email,txt,velocity,"Dear $!fullName_eng,

Your request for Registration for the Registration ID: $!RID has failed due to a technical issue. Please visit your nearest registration office or visit https://mosip.io/grievances for further information.

Thank you.
SL-UDI Team.",10003,Registration Processor,RPR_TEC_ISSUE_EMAIL,eng,t,superadmin,2021-01-29 09:30:12.41577,,,,
