MIR,Mr,Male Title,eng,t,superadmin,2021-05-21 14:02:21.81671,,,f,
MRS,Mrs,Female Title,eng,t,superadmin,2021-05-21 14:02:21.81671,,,f,
MIS,Miss,Unmarried Female Title,eng,t,superadmin,2021-05-21 14:02:21.81671,,,f,
MIR,أستاذ,العنوان الذكور,ara,t,superadmin,2021-05-21 14:02:21.81671,,,f,
MRS,ست,عنوان أنثى,ara,t,superadmin,2021-05-21 14:02:21.81671,,,f,
MIS,آنسة,العنوان الإناث غير المتزوجات,ara,t,superadmin,2021-05-21 14:02:21.81671,,,f,
MIR,Monsieur,Titre masculin,fra,t,superadmin,2021-05-21 14:02:21.81671,,,f,
MRS,Madame,Titre féminin,fra,t,superadmin,2021-05-21 14:02:21.81671,,,f,
MIS,Mademoiselle,Titre de femme célibataire,fra,t,superadmin,2021-05-21 14:02:21.81671,,,f,
