MIR,Mr,Male Title,eng,t,superadmin,2021-01-29 09:30:11.016309,,,,
MRS,Mrs,Female Title,eng,t,superadmin,2021-01-29 09:30:11.016309,,,,
MIS,Miss,Unmarried Female Title,eng,t,superadmin,2021-01-29 09:30:11.016309,,,,
MIR,أستاذ,العنوان الذكور,ara,t,superadmin,2021-01-29 09:30:11.016309,,,,
MRS,ست,عنوان أنثى,ara,t,superadmin,2021-01-29 09:30:11.016309,,,,
MIS,آنسة,العنوان الإناث غير المتزوجات,ara,t,superadmin,2021-01-29 09:30:11.016309,,,,
MIR,Monsieur,Titre masculin,fra,t,superadmin,2021-01-29 09:30:11.016309,,,,
MRS,Madame,Titre féminin,fra,t,superadmin,2021-01-29 09:30:11.016309,,,,
MIS,Mademoiselle,Titre de femme célibataire,fra,t,superadmin,2021-01-29 09:30:11.016309,,,,
MIR,මහතා,පිරිමි  ශීර්ෂය,sin,t,superadmin,2021-03-18 15:00:00.843744,,,,
MIS,මහත්මිය,කාන්තා  ශීර්ෂය,sin,t,superadmin,2021-03-18 15:00:00.843744,,,,
MRS,මෙනවිය,අවිවාහක කාන්තා  ශීර්ෂය,sin,t,superadmin,2021-03-18 15:00:00.843744,,,,
