110001,5402120055,Megha Tanga,hortense.dauenhauer@xyz.com,975366148,ACT,10001,eng,,PWD,t,superadmin,2021-01-29 09:30:12.653821,,,,
110002,7314004469,Mahesh Kumar G,leonia.bermeo@xyz.com,795281431,ACT,10003,eng,,PWD,t,superadmin,2021-01-29 09:30:12.653821,,,,
110003,7896109326,Raghav,bong.bragan@xyz.com,739704695,ACT,10003,eng,,PWD,t,superadmin,2021-01-29 09:30:12.653821,,,,
110004,2870381373,Yaswanth,homer.molinar@xyz.com,725028706,ACT,10004,eng,,PWD,t,superadmin,2021-01-29 09:30:12.653821,,,,
110005,7234451333,Mahesh Kumar Panda,antony.hughes@xyz.com,804319687,ACT,10005,eng,,PWD,t,superadmin,2021-01-29 09:30:12.653821,,,,
110006,3563474484,Anusha,sunkadaeanusha@gmail.com,9449170382,ACT,10006,eng,,PWD,t,superadmin,2021-01-29 09:30:12.653821,,,,
110007,5804057178,MOSIP User 1,leia.white@xyz.com,899884346,ACT,10007,eng,,PWD,t,superadmin,2021-01-29 09:30:12.653821,,,,
110008,1823955503,Idella Houge,idella.houge@xyz.com,946624002,ACT,10008,eng,,PWD,t,superadmin,2021-01-29 09:30:12.653821,,,,
110009,6028049229,Shay Vitagliano,shay.vitagliano@xyz.com,716591396,ACT,10009,eng,,PWD,t,superadmin,2021-01-29 09:30:12.653821,,,,
110011,3834346151,Magda Godoy,magda.godoy@xyz.com,938380935,ACT,10011,eng,,PWD,t,superadmin,2021-01-29 09:30:12.653821,,,,
110012,3493338361,Himaja,anya.adorno@xyz.com,911713143,ACT,10011,eng,,PWD,t,superadmin,2021-01-29 09:30:12.653821,,,,
110013,5145284955,Saravanan,darby.self@xyz.com,859668671,ACT,10012,eng,,PWD,t,superadmin,2021-01-29 09:30:12.653821,,,,
110014,4285838622,Balamurugan,crissy.flor@xyz.com,971384902,ACT,10012,eng,,PWD,t,superadmin,2021-01-29 09:30:12.653821,,,,
110015,3740463764,Bettina Goering,bettina.goering@xyz.com,876997632,ACT,10013,eng,,PWD,t,superadmin,2021-01-29 09:30:12.653821,,,,
110016,6431857131,Dinesh,hilary.dunklin@xyz.com,853451517,ACT,10013,eng,,PWD,t,superadmin,2021-01-29 09:30:12.653821,,,,
110017,2638207977,Kris Rahm,kris.rahm@xyz.com,723337142,ACT,10014,eng,,PWD,t,superadmin,2021-01-29 09:30:12.653821,,,,
110018,6893364288,Leona,ferne.hang@xyz.com,733802681,ACT,10014,eng,,PWD,t,superadmin,2021-01-29 09:30:12.653821,,,,
110019,5251539502,Arjun,leilani.heavener@xyz.com,942983448,ACT,10015,eng,,PWD,t,superadmin,2021-01-29 09:30:12.653821,,,,
110020,7724013062,MOSIP User 2,irwin.norwood@xyz.com,936463358,ACT,10015,eng,,PWD,t,superadmin,2021-01-29 09:30:12.653821,,,,
110021,7316931025,Magdalena Weber,magdalena.weber@xyz.com,932122450,ACT,10002,eng,,PWD,t,superadmin,2021-01-29 09:30:12.653821,,,,
110022,9137847236,Tabish Khan,adrienne.hoffman@xyz.com,848488000,ACT,10003,eng,,PWD,t,superadmin,2021-01-29 09:30:12.653821,,,,
110023,8428758532,Adrienne Mcgee,adrienne.mcgee@xyz.com,894773246,ACT,10004,eng,,PWD,t,superadmin,2021-01-29 09:30:12.653821,,,,
110024,9804209494,Sreekar,amare.coleman@xyz.com,956554588,ACT,10003,eng,,PWD,t,superadmin,2021-01-29 09:30:12.653821,,,,
110025,7105248214,Dawson Ibarra,dawson.ibarra@xyz.com,765455583,ACT,10006,eng,,PWD,t,superadmin,2021-01-29 09:30:12.653821,,,,
110026,9316557128,Lingam,elvis.mcmillan@xyz.com,884282274,ACT,10007,eng,,PWD,t,superadmin,2021-01-29 09:30:12.653821,,,,
110027,8103486949,Omsai,steve.george@xyz.com,971073663,ACT,10008,eng,,PWD,t,superadmin,2021-01-29 09:30:12.653821,,,,
110028,9601932866,Colton Elliott,colton.elliott@xyz.com,809908673,ACT,10009,eng,,PWD,t,superadmin,2021-01-29 09:30:12.653821,,,,
110030,9317596768,Jane Smith,jane.smith@xyz.com,818876432,ACT,10001,eng,,PWD,t,superadmin,2021-01-29 09:30:12.653821,,,,
110031,9317596767,John Doe,john.doe@xyz.com,818876431,ACT,10001,eng,,PWD,t,superadmin,2021-01-29 09:30:12.653821,,,,
110032,9317596770,Sravan Kalla,ewan.marsh@xyz.com,818876433,ACT,10002,eng,,PWD,t,superadmin,2021-01-29 09:30:12.653821,,,,
110033,9317596771,Nikola Tesla,nikola.tesla@xyz.com,818876434,ACT,10005,eng,,PWD,t,superadmin,2021-01-29 09:30:12.653821,,,,
110034,9317596772,Graham Bell,graham.bell@xyz.com,818876435,ACT,10005,eng,,PWD,t,superadmin,2021-01-29 09:30:12.653821,,,,
110035,9317596773,Albert Miles,albert.miles@xyz.com,818876436,ACT,10005,eng,,PWD,t,superadmin,2021-01-29 09:30:12.653821,,,,
110036,9317596774,Krishnan,krish@mosip.io,818876437,ACT,10006,eng,,PWD,t,superadmin,2021-01-29 09:30:12.653821,,,,
110037,9317596775,Sayeri Mishra,elvis.ibarra@xyz.com,818876438,ACT,10006,eng,,PWD,t,superadmin,2021-01-29 09:30:12.653821,,,,
110038,9317596776,Rounak Nayak,rounak.nayak@mindtree.com,8763740607,ACT,10006,eng,,PWD,t,superadmin,2021-01-29 09:30:12.653821,,,,
110039,9317596777,Girish Yarru,Girish@xyz.com,818876440,ACT,10006,eng,,PWD,t,superadmin,2021-01-29 09:30:12.653821,,,,
110040,9317596778,Shekhar Suman,Shekhar@xyz.com,818876441,ACT,10006,eng,,PWD,t,superadmin,2021-01-29 09:30:12.653821,,,,
110041,9317596779,Nagalakshmi Nithyanandan,Nagalakshmi@xyz.com,818876442,ACT,10006,eng,,PWD,t,superadmin,2021-01-29 09:30:12.653821,,,,
110042,9317596780,Sowmya Ujjappa Banakar,Sowmya@xyz.com,818876443,ACT,10006,eng,,PWD,t,superadmin,2021-01-29 09:30:12.653821,,,,
110043,9317596781,Horteppa Pujari,Horteppa@xyz.com,818876444,ACT,10006,eng,,PWD,t,superadmin,2021-01-29 09:30:12.653821,,,,
110044,9317596782,Rishabh Keshari,Rishabh@xyz.com,818876445,ACT,10006,eng,,PWD,t,superadmin,2021-01-29 09:30:12.653821,,,,
110045,9317596783,Jyoti Prakash Nayak,Jyoti@xyz.com,818876446,ACT,10006,eng,,PWD,t,superadmin,2021-01-29 09:30:12.653821,,,,
110046,9317596784,Mukul Puspam,Mukul@xyz.com,818876447,ACT,10006,eng,,PWD,t,superadmin,2021-01-29 09:30:12.653821,,,,
110047,9317596785,Pranav Kumar,Pranav@xyz.com,818876448,ACT,10006,eng,,PWD,t,superadmin,2021-01-29 09:30:12.653821,,,,
110048,9317596786,Sanjay Shivaji Zende,Sanjay@xyz.com,818876449,ACT,10006,eng,,PWD,t,superadmin,2021-01-29 09:30:12.653821,,,,
110049,9317596787,Monobikash Das,Monobikash@xyz.com,818876450,ACT,10006,eng,,PWD,t,superadmin,2021-01-29 09:30:12.653821,,,,
110050,9317596788,Riju Pragyna Jain,Riju@xyz.com,818876451,ACT,10006,eng,,PWD,t,superadmin,2021-01-29 09:30:12.653821,,,,
110051,9317596789,Ayush Keer,Ayush@xyz.com,818876452,ACT,10006,eng,,PWD,t,superadmin,2021-01-29 09:30:12.653821,,,,
110052,9317596790,Karthik Ramanan,Karthik@xyz.com,818876453,ACT,10006,eng,,PWD,t,superadmin,2021-01-29 09:30:12.653821,,,,
110053,9317596791,Anand,Anand@xyz.com,818876454,ACT,10006,eng,,PWD,t,superadmin,2021-01-29 09:30:12.653821,,,,
110054,9317596792,Technoforte User,technoforte@xyz.com,818876455,ACT,10006,eng,,PWD,t,superadmin,2021-01-29 09:30:12.653821,,,,
110055,9317596793,Ranjitha Siddegowda,Ranjitha@xyz.com,818876456,ACT,10006,eng,,PWD,t,superadmin,2021-01-29 09:30:12.653821,,,,
110056,9317596794,Alok Ranjan,Alok@xyz.com,818876457,ACT,10006,eng,,PWD,t,superadmin,2021-01-29 09:30:12.653821,,,,
110057,9317596795,Sudheer Murthy,Sudheer@xyz.com,818876458,ACT,10006,eng,,PWD,t,superadmin,2021-01-29 09:30:12.653821,,,,
110058,9317596796,Taleev,Taleev@xyz.com,818876459,ACT,10007,eng,,PWD,t,superadmin,2021-01-29 09:30:12.653821,,,,
110059,9317596797,Brahma,Brahma@xyz.com,818876460,ACT,10007,eng,,PWD,t,superadmin,2021-01-29 09:30:12.653821,,,,
110060,9317596798,Rishabh Keshari,Rishabh@xyz.com,818876461,ACT,10007,eng,,PWD,t,superadmin,2021-01-29 09:30:12.653821,,,,
110061,9317596799,Kiranraj,Kiranraj@xyz.com,818876462,ACT,10007,eng,,PWD,t,superadmin,2021-01-29 09:30:12.653821,,,,
110062,9317596800,Phillipines User 1,puser1@xyz.com,818876463,ACT,10008,eng,,PWD,t,superadmin,2021-01-29 09:30:12.653821,,,,
110063,9317596801,Phillipines User 2,puser2@xyz.com,818876464,ACT,10008,eng,,PWD,t,superadmin,2021-01-29 09:30:12.653821,,,,
110064,9317596802,Phillipines User 3,puser3@xyz.com,818876465,ACT,10008,eng,,PWD,t,superadmin,2021-01-29 09:30:12.653821,,,,
110065,9317596803,Krishnan,krishnan@xyz.com,818876466,ACT,10008,eng,,PWD,t,superadmin,2021-01-29 09:30:12.653821,,,,
110066,9317596804,Gururaj 1,Gururaj1@xyz.com,818876467,ACT,10008,eng,,PWD,t,superadmin,2021-01-29 09:30:12.653821,,,,
110067,9317596805,Gururaj 2,Gururaj2@xyz.com,818876468,ACT,10008,eng,,PWD,t,superadmin,2021-01-29 09:30:12.653821,,,,
110068,9317596806,Technoforte User 2,technoforte2@xyz.com,818876469,ACT,10008,eng,,PWD,t,superadmin,2021-01-29 09:30:12.653821,,,,
110069,9317596807,Yadimala,Yadimala@xyz.com,818876470,ACT,10008,eng,,PWD,t,superadmin,2021-01-29 09:30:12.653821,,,,
110070,9317596808,Dummy User,Dummy@xyz.com,818876471,ACT,10008,eng,,PWD,t,superadmin,2021-01-29 09:30:12.653821,,,,
110071,9317596809,Dummy User,Dummy@xyz.com,818876472,ACT,10008,eng,,PWD,t,superadmin,2021-01-29 09:30:12.653821,,,,
110072,9317596810,Dummy User,Dummy@xyz.com,818876473,ACT,10008,eng,,PWD,t,superadmin,2021-01-29 09:30:12.653821,,,,
110073,9317596811,Dummy User,Dummy@xyz.com,818876474,ACT,10008,eng,,PWD,t,superadmin,2021-01-29 09:30:12.653821,,,,
110074,9317596812,Dummy User,Dummy@xyz.com,818876475,ACT,10008,eng,,PWD,t,superadmin,2021-01-29 09:30:12.653821,,,,
110075,9317596813,Dummy User,Dummy@xyz.com,818876476,ACT,10002,eng,,PWD,t,superadmin,2021-01-29 09:30:12.653821,,,,
110076,9317596814,Dummy User,Dummy@xyz.com,818876477,ACT,10001,eng,,PWD,t,superadmin,2021-01-29 09:30:12.653821,,,,
110077,9317596815,Dummy User,Dummy@xyz.com,818876478,ACT,10002,eng,,PWD,t,superadmin,2021-01-29 09:30:12.653821,,,,
110078,9317596816,Dummy User,Dummy@xyz.com,818876479,ACT,10001,eng,,PWD,t,superadmin,2021-01-29 09:30:12.653821,,,,
110079,9317596817,Dummy User,Dummy@xyz.com,818876480,ACT,10002,eng,,PWD,t,superadmin,2021-01-29 09:30:12.653821,,,,
110080,9317596818,Dummy User,Dummy@xyz.com,818876481,ACT,10001,eng,,PWD,t,superadmin,2021-01-29 09:30:12.653821,,,,
110081,9317596819,Dummy User,Dummy@xyz.com,818876482,ACT,10002,eng,,PWD,t,superadmin,2021-01-29 09:30:12.653821,,,,
110082,9317596820,Dummy User,Dummy@xyz.com,818876483,ACT,33333,eng,,PWD,t,superadmin,2021-01-29 09:30:12.653821,,,,
110083,9317596821,Dummy User,Dummy@xyz.com,818876484,ACT,10001,eng,,PWD,t,superadmin,2021-01-29 09:30:12.653821,,,,
110084,9317596822,Dummy User,Dummy@xyz.com,818876485,ACT,10001,eng,,PWD,t,superadmin,2021-01-29 09:30:12.653821,,,,
110085,9317596823,Dummy User,Dummy@xyz.com,818876486,ACT,10002,eng,,PWD,t,superadmin,2021-01-29 09:30:12.653821,,,,
110086,9317596824,Dummy User,Dummy@xyz.com,818876487,ACT,10002,eng,,PWD,t,superadmin,2021-01-29 09:30:12.653821,,,,
110087,9317596825,Dummy User,Dummy@xyz.com,818876488,ACT,10001,eng,,PWD,t,superadmin,2021-01-29 09:30:12.653821,,,,
110088,9317596826,Dummy User,Dummy@xyz.com,818876489,ACT,10001,eng,,PWD,t,superadmin,2021-01-29 09:30:12.653821,,,,
110089,9317596827,Dummy User,Dummy@xyz.com,818876490,ACT,10002,eng,,PWD,t,superadmin,2021-01-29 09:30:12.653821,,,,
110090,9317596828,Dummy User,Dummy@xyz.com,818876491,ACT,10008,eng,,PWD,t,superadmin,2021-01-29 09:30:12.653821,,,,
110091,9317596829,Dummy User,Dummy@xyz.com,818876492,ACT,10008,eng,,PWD,t,superadmin,2021-01-29 09:30:12.653821,,,,
110092,9317596830,Dummy User,Dummy@xyz.com,818876493,ACT,10008,eng,,PWD,t,superadmin,2021-01-29 09:30:12.653821,,,,
110093,9317596831,Dummy User,Dummy@xyz.com,818876494,ACT,10008,eng,,PWD,t,superadmin,2021-01-29 09:30:12.653821,,,,
110094,9317596832,Dummy User,Dummy@xyz.com,818876495,ACT,10008,eng,,PWD,t,superadmin,2021-01-29 09:30:12.653821,,,,
110095,9317596833,Dummy User,Dummy@xyz.com,818876496,ACT,10008,eng,,PWD,t,superadmin,2021-01-29 09:30:12.653821,,,,
110096,9317596834,Dummy User,Dummy@xyz.com,818876497,ACT,10008,eng,,PWD,t,superadmin,2021-01-29 09:30:12.653821,,,,
110097,9317596835,Dummy User,Dummy@xyz.com,818876498,ACT,10008,eng,,PWD,t,superadmin,2021-01-29 09:30:12.653821,,,,
110098,9317596836,Dummy User,Dummy@xyz.com,818876499,ACT,10008,eng,,PWD,t,superadmin,2021-01-29 09:30:12.653821,,,,
110099,9317596837,Dummy User,Dummy@xyz.com,818876500,ACT,10008,eng,,PWD,t,superadmin,2021-01-29 09:30:12.653821,,,,
110100,9317596838,Dummy User,Dummy@xyz.com,818876501,ACT,10008,eng,,PWD,t,superadmin,2021-01-29 09:30:12.653821,,,,
110101,9317596839,Dummy User,Dummy@xyz.com,818876502,ACT,10008,eng,,PWD,t,superadmin,2021-01-29 09:30:12.653821,,,,
110102,9317596840,Dummy User,Dummy@xyz.com,818876503,ACT,10001,eng,,PWD,t,superadmin,2021-01-29 09:30:12.653821,,,,
110103,9317596841,Dummy User,Dummy@xyz.com,818876504,ACT,10001,eng,,PWD,t,superadmin,2021-01-29 09:30:12.653821,,,,
110104,9317596842,Dummy User,Dummy@xyz.com,818876505,ACT,10001,eng,,PWD,t,superadmin,2021-01-29 09:30:12.653821,,,,
110105,9317596843,Dummy User,Dummy@xyz.com,818876506,ACT,10001,eng,,PWD,t,superadmin,2021-01-29 09:30:12.653821,,,,
110106,9317596844,Dummy User,Dummy@xyz.com,818876507,ACT,10001,eng,,PWD,t,superadmin,2021-01-29 09:30:12.653821,,,,
110107,9317596845,Dummy User,Dummy@xyz.com,818876508,ACT,10001,eng,,PWD,t,superadmin,2021-01-29 09:30:12.653821,,,,
110108,9317596846,Dummy User,Dummy@xyz.com,818876509,ACT,10001,eng,,PWD,t,superadmin,2021-01-29 09:30:12.653821,,,,
110109,9317596847,Dummy User,Dummy@xyz.com,818876510,ACT,10001,eng,,PWD,t,superadmin,2021-01-29 09:30:12.653821,,,,
110110,9317596848,Dummy User,Dummy@xyz.com,818876511,ACT,10001,eng,,PWD,t,superadmin,2021-01-29 09:30:12.653821,,,,
110111,9317596849,Dummy User,Dummy@xyz.com,818876512,ACT,10001,eng,,PWD,t,superadmin,2021-01-29 09:30:12.653821,,,,
110112,9317596850,Dummy User,Dummy@xyz.com,818876513,ACT,10001,eng,,PWD,t,superadmin,2021-01-29 09:30:12.653821,,,,
110113,9317596851,Dummy User,Dummy@xyz.com,818876514,ACT,10001,eng,,PWD,t,superadmin,2021-01-29 09:30:12.653821,,,,
110114,9317596852,Dummy User,Dummy@xyz.com,818876515,ACT,10001,eng,,PWD,t,superadmin,2021-01-29 09:30:12.653821,,,,
110115,9317596853,Dummy User,Dummy@xyz.com,818876516,ACT,10001,eng,,PWD,t,superadmin,2021-01-29 09:30:12.653821,,,,
110116,9317596854,Dummy User,Dummy@xyz.com,818876517,ACT,10001,eng,,PWD,t,superadmin,2021-01-29 09:30:12.653821,,,,
110117,9317596855,Dummy User,Dummy@xyz.com,818876518,ACT,10001,eng,,PWD,t,superadmin,2021-01-29 09:30:12.653821,,,,
110118,9317596856,Jane ,Jane.rose@technoforte.co.in,9840587089,ACT,10001,eng,,PWD,t,superadmin,2021-01-29 09:30:12.653821,,,,
110119,9317596857,Piyush ,piyush.singh@technoforte.co.in,8277417831,ACT,10002,eng,,PWD,t,superadmin,2021-01-29 09:30:12.653821,,,,
110120,9317596858,Suchana ,suchana.kankonkar@technoforte.co.in,9980939623,ACT,10001,eng,,PWD,t,superadmin,2021-01-29 09:30:12.653821,,,,
110121,9317596859,Swapna ,swapna.p@technoforte.co.in,9741112380,ACT,10002,eng,,PWD,t,superadmin,2021-01-29 09:30:12.653821,,,,
110123,9317596861,Hemant ,Hemant.vadher@technoforte.co.in,9441781690,ACT,10002,eng,,PWD,t,superadmin,2021-01-29 09:30:12.653821,,,,
110124,9317596862,Sanjeev ,sanjeev.shrivastava@technoforte.co.in,8553967572,ACT,10001,eng,,PWD,t,superadmin,2021-01-29 09:30:12.653821,,,,
110125,9317596863,Alok ,alok.tiwari@technoforte.co.in,8800932977,ACT,10001,eng,,PWD,t,superadmin,2021-01-29 09:30:12.653821,,,,
110126,9317596864,Nikhilesh ,nikhilesh.kumar@technoforte.co.in,8600097143,ACT,10002,eng,,PWD,t,superadmin,2021-01-29 09:30:12.653821,,,,
110127,9317596865,Chandra  ,chandra.mishra@technoforte.co.in,9851646105,ACT,10002,eng,,PWD,t,superadmin,2021-01-29 09:30:12.653821,,,,
110128,9317596866,Ankit,ankit.vaishnav@technoforte.co.in,7738710535,ACT,10002,eng,,PWD,t,superadmin,2021-01-29 09:30:12.653821,,,,
110129,9317596867,Mosip Test,mosip-test1@technoforte.co.in,9876543212,ACT,10001,eng,,PWD,t,superadmin,2021-01-29 09:30:12.653821,,,,
110130,9317596868,Testuser1,mosip-test2@technoforte.co.in,9876543213,ACT,10001,eng,,PWD,t,superadmin,2021-01-29 09:30:12.653821,,,,
110131,9317596869,Testuser2,mosip-test3@technoforte.co.in,9876543214,ACT,10002,eng,,PWD,t,superadmin,2021-01-29 09:30:12.653821,,,,
110122,9317596860,Niyati ,niyati.swami@technoforte.co.in,9606139887,ACT,10002,eng,,PWD,t,superadmin,2021-01-29 09:30:12.653821,,,,
michael,9317596870,michael,michael@gmail.com,9606139886,ACT,10002,eng,2018-12-10 06:12:52.994,PWD,t,superadmin,2021-01-29 09:30:12.653821,,,,
jhonsan,9317596871,jhonsan,jhonsan@gmail.com,9606139823,ACT,10002,eng,2018-12-10 06:12:52.994,PWD,t,superadmin,2021-01-29 09:30:12.887976,,,,
marshal,5402120055,jhonsan,marshal@gmail.com,1123123,ACT,10002,eng,2018-12-10 06:12:52.994,PWD,t,110006,2021-02-08 06:41:39.119943,,,,
operator1,9317596872,operator1 ICTA,operator1@icta.lk,1123123,ACT,10002,eng,2018-12-10 06:12:52.994,PWD,t,110006,2021-02-08 07:45:32.086403,,,,
operator-dev,5402120055,operator-dev,operator_nl@gmail.com,1123123,ACT,10002,eng,2018-12-10 06:12:52.994,PWD,t,110006,2021-02-11 09:15:46.591237,,,,
operator-dev-1,5402120056,operator-dev,rajithv@icta.lk,1123123,ACT,10002,eng,2018-12-10 06:12:52.994,PWD,t,110006,2021-03-18 07:23:40.757501,,,,
