MOR,MyCountry,0,Country,MOR,,eng,t,superadmin,2021-01-29 09:30:11.242064,,,,
MOR,الْـمَغْرِبُ,0,بلد,MOR,,ara,t,superadmin,2021-01-29 09:30:11.242064,,,,
MOR,Maroc,0,Pays,MOR,,fra,t,superadmin,2021-01-29 09:30:11.242064,,,,
NTH,North,1,Direction,MOR/NTH,MOR,eng,t,superadmin,2021-01-29 09:30:11.242064,,,,
NTH,شمال,1,اتجاه,MOR/NTH,MOR,ara,t,superadmin,2021-01-29 09:30:11.242064,,,,
NTH,Nord,1,Direction,MOR/NTH,MOR,fra,t,superadmin,2021-01-29 09:30:11.242064,,,,
RSK,RabatSaleKenitra,2,Region,MOR/NTH/RSK,NTH,eng,t,superadmin,2021-01-29 09:30:11.242064,,,,
RSK,جهةالرباطسلاالقنيطرة,2,منطقة,MOR/NTH/RSK,NTH,ara,t,superadmin,2021-01-29 09:30:11.242064,,,,
RSK,Rabat-Salé-Kénitra,2,Région,MOR/NTH/RSK,NTH,fra,t,superadmin,2021-01-29 09:30:11.242064,,,,
RBT,Rabat,3,Province,MOR/NTH/RSK/RBT,RSK,eng,t,superadmin,2021-01-29 09:30:11.242064,,,,
RBT,الرباط,3,المحافظة,MOR/NTH/RSK/RBT,RSK,ara,t,superadmin,2021-01-29 09:30:11.242064,,,,
RBT,Rabat,3,Province,MOR/NTH/RSK/RBT,RSK,fra,t,superadmin,2021-01-29 09:30:11.242064,,,,
KTA,Kenitra,3,Province,MOR/NTH/RSK/KTA,RSK,eng,t,superadmin,2021-01-29 09:30:11.242064,,,,
KTA,القنيطرة,3,المحافظة,MOR/NTH/RSK/KTA,RSK,ara,t,superadmin,2021-01-29 09:30:11.242064,,,,
KTA,Kénitra,3,Province,MOR/NTH/RSK/KTA,RSK,fra,t,superadmin,2021-01-29 09:30:11.242064,,,,
SAL,Salé ,3,Province,MOR/NTH/RSK/SAL,RSK,eng,t,superadmin,2021-01-29 09:30:11.242064,,,,
SAL,سلا,3,المحافظة,MOR/NTH/RSK/SAL,RSK,ara,t,superadmin,2021-01-29 09:30:11.242064,,,,
SAL,Sala,3,Province,MOR/NTH/RSK/SAL,RSK,fra,t,superadmin,2021-01-29 09:30:11.242064,,,,
CST,Casablanca-Settat,2,Region,MOR/NTH/CST,NTH,eng,t,superadmin,2021-01-29 09:30:11.242064,,,,
CST,الدارالبيضاء-سطات,2,منطقة,MOR/NTH/CST,NTH,ara,t,superadmin,2021-01-29 09:30:11.242064,,,,
CST,Casablanca-Settat,2,Région,MOR/NTH/CST,NTH,fra,t,superadmin,2021-01-29 09:30:11.242064,,,,
BSN,Benslimane,3,Province,MOR/NTH/CST/BSN,CST,eng,t,superadmin,2021-01-29 09:30:11.242064,,,,
BSN,بنسليمان,3,المحافظة,MOR/NTH/CST/BSN,CST,ara,t,superadmin,2021-01-29 09:30:11.242064,,,,
BSN,Benslimane,3,Province,MOR/NTH/CST/BSN,CST,fra,t,superadmin,2021-01-29 09:30:11.242064,,,,
CSB,Casablanca,3,Province,MOR/NTH/CST/CSB,CST,eng,t,superadmin,2021-01-29 09:30:11.242064,,,,
CSB,ٱلدَّارٱلْبَيْضَاء‎,3,المحافظة,MOR/NTH/CST/CSB,CST,ara,t,superadmin,2021-01-29 09:30:11.242064,,,,
CSB,Casablanca,3,Province,MOR/NTH/CST/CSB,CST,fra,t,superadmin,2021-01-29 09:30:11.242064,,,,
STT,Settat,3,Province,MOR/NTH/CST/STT,CST,eng,t,superadmin,2021-01-29 09:30:11.242064,,,,
STT,سطات‎,3,المحافظة,MOR/NTH/CST/STT,CST,ara,t,superadmin,2021-01-29 09:30:11.242064,,,,
STT,Settat,3,Province,MOR/NTH/CST/STT,CST,fra,t,superadmin,2021-01-29 09:30:11.242064,,,,
ORT,Oriental,2,Region,MOR/NTH/ORT,NTH,eng,t,superadmin,2021-01-29 09:30:11.242064,,,,
ORT,الشرق,2,منطقة,MOR/NTH/ORT,NTH,ara,t,superadmin,2021-01-29 09:30:11.242064,,,,
ORT,Oriental,2,Région,MOR/NTH/ORT,NTH,fra,t,superadmin,2021-01-29 09:30:11.242064,,,,
NDR,Nador,3,Province,MOR/NTH/ORT/NDR,ORT,eng,t,superadmin,2021-01-29 09:30:11.242064,,,,
NDR,الناظور,3,المحافظة,MOR/NTH/ORT/NDR,ORT,ara,t,superadmin,2021-01-29 09:30:11.242064,,,,
NDR,Nador,3,Province,MOR/NTH/ORT/NDR,ORT,fra,t,superadmin,2021-01-29 09:30:11.242064,,,,
BRK,Berkane,3,Province,MOR/NTH/ORT/BRK,ORT,eng,t,superadmin,2021-01-29 09:30:11.242064,,,,
BRK,بَركان,3,المحافظة,MOR/NTH/ORT/BRK,ORT,ara,t,superadmin,2021-01-29 09:30:11.242064,,,,
BRK,Berkane,3,Province,MOR/NTH/ORT/BRK,ORT,fra,t,superadmin,2021-01-29 09:30:11.242064,,,,
JRD,Jerada ,3,Province,MOR/NTH/ORT/JRD,ORT,eng,t,superadmin,2021-01-29 09:30:11.242064,,,,
JRD,جرادة,3,المحافظة,MOR/NTH/ORT/JRD,ORT,ara,t,superadmin,2021-01-29 09:30:11.242064,,,,
JRD,Jerada ,3,Province,MOR/NTH/ORT/JRD,ORT,fra,t,superadmin,2021-01-29 09:30:11.242064,,,,
STH,South,1,Direction,MOR/STH,MOR,eng,t,superadmin,2021-01-29 09:30:11.242064,,,,
STH,جنوب,1,اتجاه,MOR/STH,MOR,ara,t,superadmin,2021-01-29 09:30:11.242064,,,,
STH,Sud,1,Direction,MOR/STH,MOR,fra,t,superadmin,2021-01-29 09:30:11.242064,,,,
MRS,Marrakesh-Safi,2,Region,MOR/STH/MRS,STH,eng,t,superadmin,2021-01-29 09:30:11.242064,,,,
MRS,مراكشآسفي‎,2,منطقة,MOR/STH/MRS,STH,ara,t,superadmin,2021-01-29 09:30:11.242064,,,,
MRS,Marrakesh-Safi,2,Région,MOR/STH/MRS,STH,fra,t,superadmin,2021-01-29 09:30:11.242064,,,,
SAF,Safi ,3,Province,MOR/STH/MRS/SAF,MRS,eng,t,superadmin,2021-01-29 09:30:11.242064,,,,
SAF,آسفي,3,المحافظة,MOR/STH/MRS/SAF,MRS,ara,t,superadmin,2021-01-29 09:30:11.242064,,,,
SAF,Safi ,3,Province,MOR/STH/MRS/SAF,MRS,fra,t,superadmin,2021-01-29 09:30:11.242064,,,,
YSF,Youssoufia ,3,Province,MOR/STH/MRS/YSF,MRS,eng,t,superadmin,2021-01-29 09:30:11.242064,,,,
YSF,اليوسفية,3,المحافظة,MOR/STH/MRS/YSF,MRS,ara,t,superadmin,2021-01-29 09:30:11.242064,,,,
YSF,Youssoufia ,3,Province,MOR/STH/MRS/YSF,MRS,fra,t,superadmin,2021-01-29 09:30:11.242064,,,,
SOS,Souss-Massa,2,Region,MOR/STH/SOS,STH,eng,t,superadmin,2021-01-29 09:30:11.242064,,,,
SOS,سوسماسة,2,منطقة,MOR/STH/SOS,STH,ara,t,superadmin,2021-01-29 09:30:11.242064,,,,
SOS,Sus-Massa,2,Région,MOR/STH/SOS,STH,fra,t,superadmin,2021-01-29 09:30:11.242064,,,,
TTA,Tata ,3,Province,MOR/STH/SOS/TTA,SOS,eng,t,superadmin,2021-01-29 09:30:11.242064,,,,
TTA,طاطا,3,المحافظة,MOR/STH/SOS/TTA,SOS,ara,t,superadmin,2021-01-29 09:30:11.242064,,,,
TTA,Tata ,3,Province,MOR/STH/SOS/TTA,SOS,fra,t,superadmin,2021-01-29 09:30:11.242064,,,,
TZT,Tiznit,3,Province,MOR/STH/SOS/TZT,SOS,eng,t,superadmin,2021-01-29 09:30:11.242064,,,,
TZT,تزنيت‎,3,المحافظة,MOR/STH/SOS/TZT,SOS,ara,t,superadmin,2021-01-29 09:30:11.242064,,,,
TZT,Tiznit,3,Province,MOR/STH/SOS/TZT,SOS,fra,t,superadmin,2021-01-29 09:30:11.242064,,,,
RBT,Rabat,3,Province,MOR/NTH/RSK/RBT,RSK,sin,t,superadmin,2021-01-29 09:30:11.242064,,,,
