NTH,110001,eng,t,superadmin,2021-05-21 14:02:22.313834,,,f,
NTH,110002,eng,t,superadmin,2021-05-21 14:02:22.313834,,,f,
NTH,110003,eng,t,superadmin,2021-05-21 14:02:22.313834,,,f,
RSK,110004,eng,t,superadmin,2021-05-21 14:02:22.313834,,,f,
CST,110005,eng,t,superadmin,2021-05-21 14:02:22.313834,,,f,
ORT,110006,eng,t,superadmin,2021-05-21 14:02:22.313834,,,f,
NTH,110007,eng,t,superadmin,2021-05-21 14:02:22.313834,,,f,
STH,110008,eng,t,superadmin,2021-05-21 14:02:22.313834,,,f,
STH,110009,eng,t,superadmin,2021-05-21 14:02:22.313834,,,f,
STH,110010,eng,t,superadmin,2021-05-21 14:02:22.313834,,,f,
STH,110011,eng,t,superadmin,2021-05-21 14:02:22.313834,,,f,
STH,110012,eng,t,superadmin,2021-05-21 14:02:22.313834,,,f,
MRS,110013,eng,t,superadmin,2021-05-21 14:02:22.313834,,,f,
MRS,110014,eng,t,superadmin,2021-05-21 14:02:22.313834,,,f,
MRS,110015,eng,t,superadmin,2021-05-21 14:02:22.313834,,,f,
MRS,110016,eng,t,superadmin,2021-05-21 14:02:22.313834,,,f,
SOS,110017,eng,t,superadmin,2021-05-21 14:02:22.313834,,,f,
SOS,110018,eng,t,superadmin,2021-05-21 14:02:22.313834,,,f,
SOS,110019,eng,t,superadmin,2021-05-21 14:02:22.313834,,,f,
SOS,110020,eng,t,superadmin,2021-05-21 14:02:22.313834,,,f,
NTH,110021,eng,t,superadmin,2021-05-21 14:02:22.313834,,,f,
NTH,110022,eng,t,superadmin,2021-05-21 14:02:22.313834,,,f,
RSK,110023,eng,t,superadmin,2021-05-21 14:02:22.313834,,,f,
NTH,110024,eng,t,superadmin,2021-05-21 14:02:22.313834,,,f,
ORT,110025,eng,t,superadmin,2021-05-21 14:02:22.313834,,,f,
NTH,110026,eng,t,superadmin,2021-05-21 14:02:22.313834,,,f,
STH,110027,eng,t,superadmin,2021-05-21 14:02:22.313834,,,f,
STH,110028,eng,t,superadmin,2021-05-21 14:02:22.313834,,,f,
STH,110029,eng,t,superadmin,2021-05-21 14:02:22.313834,,,f,
NTH,110030,eng,t,superadmin,2021-05-21 14:02:22.313834,,,f,
NTH,110031,eng,t,superadmin,2021-05-21 14:02:22.313834,,,f,
NTH,110032,eng,t,superadmin,2021-05-21 14:02:22.313834,,,f,
CST,110033,eng,t,superadmin,2021-05-21 14:02:22.313834,,,f,
CST,110034,eng,t,superadmin,2021-05-21 14:02:22.313834,,,f,
CST,110035,eng,t,superadmin,2021-05-21 14:02:22.313834,,,f,
ORT,110036,eng,t,superadmin,2021-05-21 14:02:22.313834,,,f,
ORT,110037,eng,t,superadmin,2021-05-21 14:02:22.313834,,,f,
ORT,110038,eng,t,superadmin,2021-05-21 14:02:22.313834,,,f,
ORT,110039,eng,t,superadmin,2021-05-21 14:02:22.313834,,,f,
ORT,110040,eng,t,superadmin,2021-05-21 14:02:22.313834,,,f,
ORT,110041,eng,t,superadmin,2021-05-21 14:02:22.313834,,,f,
ORT,110042,eng,t,superadmin,2021-05-21 14:02:22.313834,,,f,
ORT,110043,eng,t,superadmin,2021-05-21 14:02:22.313834,,,f,
ORT,110044,eng,t,superadmin,2021-05-21 14:02:22.313834,,,f,
ORT,110045,eng,t,superadmin,2021-05-21 14:02:22.313834,,,f,
ORT,110046,eng,t,superadmin,2021-05-21 14:02:22.313834,,,f,
ORT,110047,eng,t,superadmin,2021-05-21 14:02:22.313834,,,f,
ORT,110048,eng,t,superadmin,2021-05-21 14:02:22.313834,,,f,
ORT,110049,eng,t,superadmin,2021-05-21 14:02:22.313834,,,f,
ORT,110050,eng,t,superadmin,2021-05-21 14:02:22.313834,,,f,
ORT,110051,eng,t,superadmin,2021-05-21 14:02:22.313834,,,f,
ORT,110052,eng,t,superadmin,2021-05-21 14:02:22.313834,,,f,
ORT,110053,eng,t,superadmin,2021-05-21 14:02:22.313834,,,f,
ORT,110054,eng,t,superadmin,2021-05-21 14:02:22.313834,,,f,
ORT,110055,eng,t,superadmin,2021-05-21 14:02:22.313834,,,f,
ORT,110056,eng,t,superadmin,2021-05-21 14:02:22.313834,,,f,
ORT,110057,eng,t,superadmin,2021-05-21 14:02:22.313834,,,f,
NTH,110058,eng,t,superadmin,2021-05-21 14:02:22.313834,,,f,
NTH,110059,eng,t,superadmin,2021-05-21 14:02:22.313834,,,f,
NTH,110060,eng,t,superadmin,2021-05-21 14:02:22.313834,,,f,
NTH,110061,eng,t,superadmin,2021-05-21 14:02:22.313834,,,f,
STH,110062,eng,t,superadmin,2021-05-21 14:02:22.313834,,,f,
STH,110063,eng,t,superadmin,2021-05-21 14:02:22.313834,,,f,
STH,110064,eng,t,superadmin,2021-05-21 14:02:22.313834,,,f,
STH,110065,eng,t,superadmin,2021-05-21 14:02:22.313834,,,f,
STH,110066,eng,t,superadmin,2021-05-21 14:02:22.313834,,,f,
STH,110067,eng,t,superadmin,2021-05-21 14:02:22.313834,,,f,
STH,110068,eng,t,superadmin,2021-05-21 14:02:22.313834,,,f,
STH,110069,eng,t,superadmin,2021-05-21 14:02:22.313834,,,f,
STH,110070,eng,t,superadmin,2021-05-21 14:02:22.313834,,,f,
STH,110071,eng,t,superadmin,2021-05-21 14:02:22.313834,,,f,
STH,110072,eng,t,superadmin,2021-05-21 14:02:22.313834,,,f,
STH,110073,eng,t,superadmin,2021-05-21 14:02:22.313834,,,f,
STH,110074,eng,t,superadmin,2021-05-21 14:02:22.313834,,,f,
NTH,110075,eng,t,superadmin,2021-05-21 14:02:22.313834,,,f,
NTH,110076,eng,t,superadmin,2021-05-21 14:02:22.313834,,,f,
NTH,110077,eng,t,superadmin,2021-05-21 14:02:22.313834,,,f,
NTH,110078,eng,t,superadmin,2021-05-21 14:02:22.313834,,,f,
NTH,110079,eng,t,superadmin,2021-05-21 14:02:22.313834,,,f,
NTH,110080,eng,t,superadmin,2021-05-21 14:02:22.313834,,,f,
NTH,110081,eng,t,superadmin,2021-05-21 14:02:22.313834,,,f,
NTH,110082,eng,t,superadmin,2021-05-21 14:02:22.313834,,,f,
NTH,110083,eng,t,superadmin,2021-05-21 14:02:22.313834,,,f,
NTH,110084,eng,t,superadmin,2021-05-21 14:02:22.313834,,,f,
NTH,110085,eng,t,superadmin,2021-05-21 14:02:22.313834,,,f,
NTH,110086,eng,t,superadmin,2021-05-21 14:02:22.313834,,,f,
NTH,110087,eng,t,superadmin,2021-05-21 14:02:22.313834,,,f,
NTH,110088,eng,t,superadmin,2021-05-21 14:02:22.313834,,,f,
NTH,110089,eng,t,superadmin,2021-05-21 14:02:22.313834,,,f,
STH,110090,eng,t,superadmin,2021-05-21 14:02:22.313834,,,f,
STH,110091,eng,t,superadmin,2021-05-21 14:02:22.313834,,,f,
STH,110092,eng,t,superadmin,2021-05-21 14:02:22.313834,,,f,
STH,110093,eng,t,superadmin,2021-05-21 14:02:22.313834,,,f,
STH,110094,eng,t,superadmin,2021-05-21 14:02:22.313834,,,f,
STH,110095,eng,t,superadmin,2021-05-21 14:02:22.313834,,,f,
STH,110096,eng,t,superadmin,2021-05-21 14:02:22.313834,,,f,
STH,110097,eng,t,superadmin,2021-05-21 14:02:22.313834,,,f,
STH,110098,eng,t,superadmin,2021-05-21 14:02:22.313834,,,f,
STH,110099,eng,t,superadmin,2021-05-21 14:02:22.313834,,,f,
STH,110100,eng,t,superadmin,2021-05-21 14:02:22.313834,,,f,
STH,110101,eng,t,superadmin,2021-05-21 14:02:22.313834,,,f,
NTH,110102,eng,t,superadmin,2021-05-21 14:02:22.313834,,,f,
NTH,110103,eng,t,superadmin,2021-05-21 14:02:22.313834,,,f,
NTH,110104,eng,t,superadmin,2021-05-21 14:02:22.313834,,,f,
NTH,110105,eng,t,superadmin,2021-05-21 14:02:22.313834,,,f,
NTH,110106,eng,t,superadmin,2021-05-21 14:02:22.313834,,,f,
NTH,110107,eng,t,superadmin,2021-05-21 14:02:22.313834,,,f,
NTH,110108,eng,t,superadmin,2021-05-21 14:02:22.313834,,,f,
NTH,110109,eng,t,superadmin,2021-05-21 14:02:22.313834,,,f,
NTH,110110,eng,t,superadmin,2021-05-21 14:02:22.313834,,,f,
NTH,110111,eng,t,superadmin,2021-05-21 14:02:22.313834,,,f,
NTH,110112,eng,t,superadmin,2021-05-21 14:02:22.313834,,,f,
NTH,110113,eng,t,superadmin,2021-05-21 14:02:22.313834,,,f,
NTH,110114,eng,t,superadmin,2021-05-21 14:02:22.313834,,,f,
NTH,110115,eng,t,superadmin,2021-05-21 14:02:22.313834,,,f,
NTH,110116,eng,t,superadmin,2021-05-21 14:02:22.313834,,,f,
NTH,110117,eng,t,superadmin,2021-05-21 14:02:22.313834,,,f,
NTH,110118,eng,t,superadmin,2021-05-21 14:02:22.313834,,,f,
NTH,110119,eng,t,superadmin,2021-05-21 14:02:22.313834,,,f,
NTH,110120,eng,t,superadmin,2021-05-21 14:02:22.313834,,,f,
NTH,110121,eng,t,superadmin,2021-05-21 14:02:22.313834,,,f,
NTH,110122,eng,t,superadmin,2021-05-21 14:02:22.313834,,,f,
NTH,110123,eng,t,superadmin,2021-05-21 14:02:22.313834,,,f,
NTH,110124,eng,t,superadmin,2021-05-21 14:02:22.313834,,,f,
NTH,110125,eng,t,superadmin,2021-05-21 14:02:22.313834,,,f,
NTH,110126,eng,t,superadmin,2021-05-21 14:02:22.313834,,,f,
NTH,110127,eng,t,superadmin,2021-05-21 14:02:22.313834,,,f,
NTH,110128,eng,t,superadmin,2021-05-21 14:02:22.313834,,,f,
NTH,110129,eng,t,superadmin,2021-05-21 14:02:22.313834,,,f,
NTH,110130,eng,t,superadmin,2021-05-21 14:02:22.313834,,,f,
NTH,110131,eng,t,superadmin,2021-05-21 14:02:22.313834,,,f,
NTH,operator-dev,eng,t,110006,2021-05-24 05:33:13.709639,,,,
