MOR,MyCountry,0,Country,MOR,,eng,t,superadmin,2021-05-21 14:02:21.864983,,,f,
MOR,الْـمَغْرِبُ,0,بلد,MOR,,ara,t,superadmin,2021-05-21 14:02:21.864983,,,f,
MOR,Maroc,0,Pays,MOR,,fra,t,superadmin,2021-05-21 14:02:21.864983,,,f,
NTH,North,1,Direction,MOR/NTH,MOR,eng,t,superadmin,2021-05-21 14:02:21.864983,,,f,
NTH,شمال,1,اتجاه,MOR/NTH,MOR,ara,t,superadmin,2021-05-21 14:02:21.864983,,,f,
NTH,Nord,1,Direction,MOR/NTH,MOR,fra,t,superadmin,2021-05-21 14:02:21.864983,,,f,
RSK,RabatSaleKenitra,2,Region,MOR/NTH/RSK,NTH,eng,t,superadmin,2021-05-21 14:02:21.864983,,,f,
RSK,جهةالرباطسلاالقنيطرة,2,منطقة,MOR/NTH/RSK,NTH,ara,t,superadmin,2021-05-21 14:02:21.864983,,,f,
RSK,Rabat-Salé-Kénitra,2,Région,MOR/NTH/RSK,NTH,fra,t,superadmin,2021-05-21 14:02:21.864983,,,f,
RBT,Rabat,3,Province,MOR/NTH/RSK/RBT,RSK,eng,t,superadmin,2021-05-21 14:02:21.864983,,,f,
RBT,الرباط,3,المحافظة,MOR/NTH/RSK/RBT,RSK,ara,t,superadmin,2021-05-21 14:02:21.864983,,,f,
RBT,Rabat,3,Province,MOR/NTH/RSK/RBT,RSK,fra,t,superadmin,2021-05-21 14:02:21.864983,,,f,
KTA,Kenitra,3,Province,MOR/NTH/RSK/KTA,RSK,eng,t,superadmin,2021-05-21 14:02:21.864983,,,f,
KTA,القنيطرة,3,المحافظة,MOR/NTH/RSK/KTA,RSK,ara,t,superadmin,2021-05-21 14:02:21.864983,,,f,
KTA,Kénitra,3,Province,MOR/NTH/RSK/KTA,RSK,fra,t,superadmin,2021-05-21 14:02:21.864983,,,f,
SAL,Salé ,3,Province,MOR/NTH/RSK/SAL,RSK,eng,t,superadmin,2021-05-21 14:02:21.864983,,,f,
SAL,سلا,3,المحافظة,MOR/NTH/RSK/SAL,RSK,ara,t,superadmin,2021-05-21 14:02:21.864983,,,f,
SAL,Sala,3,Province,MOR/NTH/RSK/SAL,RSK,fra,t,superadmin,2021-05-21 14:02:21.864983,,,f,
CST,Casablanca-Settat,2,Region,MOR/NTH/CST,NTH,eng,t,superadmin,2021-05-21 14:02:21.864983,,,f,
CST,الدارالبيضاء-سطات,2,منطقة,MOR/NTH/CST,NTH,ara,t,superadmin,2021-05-21 14:02:21.864983,,,f,
CST,Casablanca-Settat,2,Région,MOR/NTH/CST,NTH,fra,t,superadmin,2021-05-21 14:02:21.864983,,,f,
BSN,Benslimane,3,Province,MOR/NTH/CST/BSN,CST,eng,t,superadmin,2021-05-21 14:02:21.864983,,,f,
BSN,بنسليمان,3,المحافظة,MOR/NTH/CST/BSN,CST,ara,t,superadmin,2021-05-21 14:02:21.864983,,,f,
BSN,Benslimane,3,Province,MOR/NTH/CST/BSN,CST,fra,t,superadmin,2021-05-21 14:02:21.864983,,,f,
CSB,Casablanca,3,Province,MOR/NTH/CST/CSB,CST,eng,t,superadmin,2021-05-21 14:02:21.864983,,,f,
CSB,ٱلدَّارٱلْبَيْضَاء‎,3,المحافظة,MOR/NTH/CST/CSB,CST,ara,t,superadmin,2021-05-21 14:02:21.864983,,,f,
CSB,Casablanca,3,Province,MOR/NTH/CST/CSB,CST,fra,t,superadmin,2021-05-21 14:02:21.864983,,,f,
STT,Settat,3,Province,MOR/NTH/CST/STT,CST,eng,t,superadmin,2021-05-21 14:02:21.864983,,,f,
STT,سطات‎,3,المحافظة,MOR/NTH/CST/STT,CST,ara,t,superadmin,2021-05-21 14:02:21.864983,,,f,
STT,Settat,3,Province,MOR/NTH/CST/STT,CST,fra,t,superadmin,2021-05-21 14:02:21.864983,,,f,
ORT,Oriental,2,Region,MOR/NTH/ORT,NTH,eng,t,superadmin,2021-05-21 14:02:21.864983,,,f,
ORT,الشرق,2,منطقة,MOR/NTH/ORT,NTH,ara,t,superadmin,2021-05-21 14:02:21.864983,,,f,
ORT,Oriental,2,Région,MOR/NTH/ORT,NTH,fra,t,superadmin,2021-05-21 14:02:21.864983,,,f,
NDR,Nador,3,Province,MOR/NTH/ORT/NDR,ORT,eng,t,superadmin,2021-05-21 14:02:21.864983,,,f,
NDR,الناظور,3,المحافظة,MOR/NTH/ORT/NDR,ORT,ara,t,superadmin,2021-05-21 14:02:21.864983,,,f,
NDR,Nador,3,Province,MOR/NTH/ORT/NDR,ORT,fra,t,superadmin,2021-05-21 14:02:21.864983,,,f,
BRK,Berkane,3,Province,MOR/NTH/ORT/BRK,ORT,eng,t,superadmin,2021-05-21 14:02:21.864983,,,f,
BRK,بَركان,3,المحافظة,MOR/NTH/ORT/BRK,ORT,ara,t,superadmin,2021-05-21 14:02:21.864983,,,f,
BRK,Berkane,3,Province,MOR/NTH/ORT/BRK,ORT,fra,t,superadmin,2021-05-21 14:02:21.864983,,,f,
JRD,Jerada ,3,Province,MOR/NTH/ORT/JRD,ORT,eng,t,superadmin,2021-05-21 14:02:21.864983,,,f,
JRD,جرادة,3,المحافظة,MOR/NTH/ORT/JRD,ORT,ara,t,superadmin,2021-05-21 14:02:21.864983,,,f,
JRD,Jerada ,3,Province,MOR/NTH/ORT/JRD,ORT,fra,t,superadmin,2021-05-21 14:02:21.864983,,,f,
STH,South,1,Direction,MOR/STH,MOR,eng,t,superadmin,2021-05-21 14:02:21.864983,,,f,
STH,جنوب,1,اتجاه,MOR/STH,MOR,ara,t,superadmin,2021-05-21 14:02:21.864983,,,f,
STH,Sud,1,Direction,MOR/STH,MOR,fra,t,superadmin,2021-05-21 14:02:21.864983,,,f,
MRS,Marrakesh-Safi,2,Region,MOR/STH/MRS,STH,eng,t,superadmin,2021-05-21 14:02:21.864983,,,f,
MRS,مراكشآسفي‎,2,منطقة,MOR/STH/MRS,STH,ara,t,superadmin,2021-05-21 14:02:21.864983,,,f,
MRS,Marrakesh-Safi,2,Région,MOR/STH/MRS,STH,fra,t,superadmin,2021-05-21 14:02:21.864983,,,f,
SAF,Safi ,3,Province,MOR/STH/MRS/SAF,MRS,eng,t,superadmin,2021-05-21 14:02:21.864983,,,f,
SAF,آسفي,3,المحافظة,MOR/STH/MRS/SAF,MRS,ara,t,superadmin,2021-05-21 14:02:21.864983,,,f,
SAF,Safi ,3,Province,MOR/STH/MRS/SAF,MRS,fra,t,superadmin,2021-05-21 14:02:21.864983,,,f,
YSF,Youssoufia ,3,Province,MOR/STH/MRS/YSF,MRS,eng,t,superadmin,2021-05-21 14:02:21.864983,,,f,
YSF,اليوسفية,3,المحافظة,MOR/STH/MRS/YSF,MRS,ara,t,superadmin,2021-05-21 14:02:21.864983,,,f,
YSF,Youssoufia ,3,Province,MOR/STH/MRS/YSF,MRS,fra,t,superadmin,2021-05-21 14:02:21.864983,,,f,
SOS,Souss-Massa,2,Region,MOR/STH/SOS,STH,eng,t,superadmin,2021-05-21 14:02:21.864983,,,f,
SOS,سوسماسة,2,منطقة,MOR/STH/SOS,STH,ara,t,superadmin,2021-05-21 14:02:21.864983,,,f,
SOS,Sus-Massa,2,Région,MOR/STH/SOS,STH,fra,t,superadmin,2021-05-21 14:02:21.864983,,,f,
TTA,Tata ,3,Province,MOR/STH/SOS/TTA,SOS,eng,t,superadmin,2021-05-21 14:02:21.864983,,,f,
TTA,طاطا,3,المحافظة,MOR/STH/SOS/TTA,SOS,ara,t,superadmin,2021-05-21 14:02:21.864983,,,f,
TTA,Tata ,3,Province,MOR/STH/SOS/TTA,SOS,fra,t,superadmin,2021-05-21 14:02:21.864983,,,f,
TZT,Tiznit,3,Province,MOR/STH/SOS/TZT,SOS,eng,t,superadmin,2021-05-21 14:02:21.864983,,,f,
TZT,تزنيت‎,3,المحافظة,MOR/STH/SOS/TZT,SOS,ara,t,superadmin,2021-05-21 14:02:21.864983,,,f,
TZT,Tiznit,3,Province,MOR/STH/SOS/TZT,SOS,fra,t,superadmin,2021-05-21 14:02:21.864983,,,f,
