mpartner-default-auth,2021-01-29 09:30:07.359195,mpolicygroup-default-auth,mpartner-default-auth,mpartner-default-auth,9232121212,info@mosip.io,,mpartner-default-auth,Online_Verification_Partner,Activated,t,superadmin,2021-01-29 09:30:07.359195,superadmin,2021-01-29 09:30:07.359195,,
mpartner-default-abis,2021-01-29 09:30:07.359195,mpolicygroup-deafult-abis,mpartner-default-abis,mpartner-default-abis,9232121212,absi@mosip.io,,mpartner-default-abis,ABIS_Partner,Activated,t,superadmin,2021-01-29 09:30:07.359195,superadmin,2021-01-29 09:30:07.359195,,
mpartner-default-print,2021-01-29 09:30:07.359195,mpolicygroup-deafult-print,mpartner-default-print,mpartner-default-print,9232121212,print@mosip.io,,mpartner-default-print,Credential_Partner,Activated,t,superadmin,2021-01-29 09:30:07.359195,superadmin,2021-01-29 09:30:07.359195,,
MOSIP.PROXY.SBI,2021-01-29 09:30:07.359195,mpolicygroup-default-mockdevice,MOSIP,headoffice9,9988776655,abc@mock.co.in,,MOSIP.PROXY.SBI,Device_Provider,Activated,t,superadmin,2021-01-29 09:30:07.359195,superadmin,2021-01-29 09:30:07.359195,,
mpartner-default-resident,2021-01-29 09:30:07.359195,mpolicygroup-deafult-resident,mpartner-default-resident,mpartner-default-resident,9232121212,resident@mosip.io,,mpartner-default-resident,Credential_Partner,Activated,t,superadmin,2021-01-29 09:30:07.359195,superadmin,2021-01-29 09:30:07.359195,,
mpartner-default-adjudication,2021-01-29 09:30:07.359195,mpolicygroup-default-adjudication,mpartner-default-adjudication,mpartner-default-adjudication,9232121212,adjudication@mosip.io,,mpartner-default-adjudication,Manual_Adjudication,Activated,t,superadmin,2021-01-29 09:30:07.359195,superadmin,2021-01-29 09:30:07.359195,,
699956,2021-02-10 06:40:52.993,90871,Airtekibup,testaddree33,9996601009,auth98@gmail.com,,2233,Auth_Partner,Activated,t,110124,2021-02-10 06:40:52.993451,,,,
662463,2021-02-10 06:41:43.233,90871,Airtekibop,testaddr33,9996601009,auth78@gmail.com,,2234,Auth_Partner,Activated,t,110124,2021-02-10 06:41:43.233991,,,,
437458,2021-02-24 06:53:36.51,,SYNCBYTE,gzQGFqtriX,5207954367,GfGKFlwTpq@gmail.com,,SYNCBYTE.LTC165,Device_Provider,Activated,t,110122,2021-02-24 06:53:36.510257,,,,
786189,2021-03-10 03:54:20.78,373211,tech5-abis,Sri Lanka,574674345,tech5-abis@abis.com,,tech5-abis,ABIS_Partner,Activated,t,partner1,2021-03-10 03:54:20.780108,,,,
683436,2021-03-10 09:45:21.979,,Mantra Softech India Pvt. Ltd.,WWKdBnwNtn,0441011278,ElOMcuAolr@gmail.com,,729aaa95-d812-4285-9231-c0200a970401,Device_Provider,Activated,t,110122,2021-03-10 09:45:21.979454,,,,
276528,2021-03-10 11:03:46.931,,Mosipabcd,99x,01123456789,test@123.com,,99XIO,Device_Provider,Activated,t,110122,2021-03-10 11:03:46.93135,,,,
686262,2021-03-11 03:13:10.39,,99X Technology,99x,01123456789,test99x@123.com,,99XPartner,Device_Provider,Activated,t,110122,2021-03-11 03:13:10.390017,,,,
29601,2021-03-11 03:22:33.932,,99X Technology22,99x,01123456789,test99x22@123.com,,99XPartner22,Device_Provider,Activated,t,110122,2021-03-11 03:22:33.932111,,,,
107812,2021-03-11 03:23:33.565,,99X Technology33,99x,01123456789,test99x33@123.com,,99XPartner33,Device_Provider,Activated,t,110122,2021-03-11 03:23:33.565072,,,,
165887,2021-04-22 06:33:30.86,mpolicygroup-default-auth,airtelInd,INDIA,9886779980,airtelInd@gmail.com,,1,Auth_Partner,Activated,t,110006,2021-04-22 06:33:30.860861,,,,
711031,2021-04-22 06:41:33.428,mpolicygroup-default-auth,icta,INDIA,0112369099,info@icta.lk,,2,Auth_Partner,Activated,t,110006,2021-04-22 06:41:33.428642,,,,
534321,2021-05-25 10:22:38.018,,IriTech,MwOrejRvBa,8027709867,JwghyvpaRK@gmail.com,,IriTech,Device_Provider,Activated,t,110122,2021-05-25 10:22:38.018056,,,,
