mpartner-default-auth,mpolicygroup-default-auth,IITB,mpartner-default-auth,9232121212,info@mosip.io,,mpartner-default-auth,Online_Verification_Partner,Activated,t,superadmin,2021-05-21 14:02:18.712216,superadmin,2021-05-21 14:02:18.712216,f,
mpartner-default-abis,mpolicygroup-deafult-abis,mpartner-default-abis,mpartner-default-abis,9232121212,absi@mosip.io,,mpartner-default-abis,ABIS_Partner,Activated,t,superadmin,2021-05-21 14:02:18.712216,superadmin,2021-05-21 14:02:18.712216,f,
mpartner-default-print,mpolicygroup-deafult-print,Test,mpartner-default-print,9232121212,print@mosip.io,,mpartner-default-print,Credential_Partner,Activated,t,superadmin,2021-05-21 14:02:18.712216,superadmin,2021-05-21 14:02:18.712216,f,
MOSIP.PROXY.SBI,mpolicygroup-default-mockdevice,MOSIP,headoffice9,9988776655,abc@mock.co.in,,MOSIP.PROXY.SBI,Device_Provider,Activated,t,superadmin,2021-05-21 14:02:18.712216,superadmin,2021-05-21 14:02:18.712216,f,
mpartner-default-resident,mpolicygroup-deafult-resident,IITB,mpartner-default-resident,9232121212,resident@mosip.io,,mpartner-default-resident,Credential_Partner,Activated,t,superadmin,2021-05-21 14:02:18.712216,superadmin,2021-05-21 14:02:18.712216,f,
mpartner-default-adjudication,mpolicygroup-default-adjudication,mpartner-default-adjudication,mpartner-default-adjudication,9232121212,adjudication@mosip.io,,mpartner-default-adjudication,Manual_Adjudication,Activated,t,superadmin,2021-05-21 14:02:18.712216,superadmin,2021-05-21 14:02:18.712216,f,
