mpartner-default-abis,mpolicygroup-deafult-abis,mpartner-default-abis,mpartner-default-abis,9232121212,absi@mosip.io,,mpartner-default-abis,ABIS_Partner,Activated,t,superadmin,2021-01-29 09:30:07.03794,superadmin,2021-01-29 09:30:07.03794,,
MOSIP.PROXY.SBI,mpolicygroup-default-mockdevice,MOSIP,headoffice9,9988776655,abc@mock.co.in,,MOSIP.PROXY.SBI,Device_Provider,Activated,t,superadmin,2021-01-29 09:30:07.03794,superadmin,2021-01-29 09:30:07.03794,,
mpartner-default-adjudication,mpolicygroup-default-adjudication,mpartner-default-adjudication,mpartner-default-adjudication,9232121212,adjudication@mosip.io,,mpartner-default-adjudication,Manual_Adjudication,Activated,t,superadmin,2021-01-29 09:30:07.03794,superadmin,2021-01-29 09:30:07.03794,,
mpartner-default-auth,mpolicygroup-default-auth,mpartner-default-auth,mpartner-default-auth,9232121212,info@mosip.io,97bc4c99-b70d-4c2d-ad24-38ca835c3de3,mpartner-default-auth,Online_Verification_Partner,Activated,t,superadmin,2021-01-29 09:30:07.03794,service-account-mosip-ida-client,2021-02-09 09:56:10.633433,,
mpartner-default-print,mpolicygroup-deafult-print,mpartner-default-print,mpartner-default-print,9232121212,print@mosip.io,a4451090-b11b-4f3d-bd6d-a84b3ebd0350,mpartner-default-print,Credential_Partner,Activated,t,superadmin,2021-01-29 09:30:07.03794,service-account-mosip-ida-client,2021-02-10 05:12:44.247781,,
mpartner-default-resident,mpolicygroup-deafult-resident,mpartner-default-resident,mpartner-default-resident,9232121212,resident@mosip.io,f87b9a62-c5fc-45b0-86c7-add60bb0eb0b,mpartner-default-resident,Credential_Partner,Activated,t,superadmin,2021-01-29 09:30:07.03794,service-account-mosip-ida-client,2021-02-10 05:47:54.209818,,
2233,90871,Airtekibup,testaddree33,9996601009,auth98@gmail.com,,2233,Auth_Partner,Activated,t,110124,2021-02-10 06:40:52.726088,,,,
1,mpolicygroup-default-auth,airtelInd,INDIA,9886779980,airtelInd@gmail.com,,1,Auth_Partner,Activated,t,110006,2021-04-22 06:33:30.507334,,,,
2234,90871,Airtekibop,testaddr33,9996601009,auth78@gmail.com,,2234,Auth_Partner,Activated,t,110124,2021-02-10 06:41:42.999694,110124,2021-02-10 09:58:29.826062,,
2,mpolicygroup-default-auth,icta,INDIA,0112369099,info@icta.lk,,2,Auth_Partner,Activated,t,110006,2021-04-22 06:41:33.180148,,,,
SYNCBYTE,,SYNCBYTE,gzQGFqtriX,5207954367,GfGKFlwTpq@gmail.com,,SYNCBYTE.LTC165,Device_Provider,Activated,t,110122,2021-02-24 06:53:36.273859,,,,
tech5-abis,373211,tech5-abis,Sri Lanka,574674345,tech5-abis@abis.com,,tech5-abis,ABIS_Partner,Activated,t,partner1,2021-03-10 03:54:20.531385,,,,
99XPartner,,99X Technology,99x,01123456789,test99x@123.com,,99XPartner,Device_Provider,Activated,t,110122,2021-03-11 03:13:10.15352,,,,
99XPartner22,,99X Technology22,99x,01123456789,test99x22@123.com,,99XPartner22,Device_Provider,Activated,t,110122,2021-03-11 03:22:33.697934,,,,
99XPartner33,,99X Technology33,99x,01123456789,test99x33@123.com,,99XPartner33,Device_Provider,Activated,t,110122,2021-03-11 03:23:33.330002,,,,
99XIO,,99X Technology,99x,01123456789,test@123.com,,99XIO,Device_Provider,Activated,t,110122,2021-03-10 11:03:46.68976,,,,
729aaa95-d812-4285-9231-c0200a970401,530817,Mantra Softech India Pvt. Ltd.,WWKdBnwNtn,0441011278,ElOMcuAolr@gmail.com,,729aaa95-d812-4285-9231-c0200a970401,Device_Provider,Activated,t,110122,2021-03-10 09:45:21.742275,,,,
IriTech,,IriTech,MwOrejRvBa,8027709867,JwghyvpaRK@gmail.com,,IriTech,Device_Provider,Activated,t,110122,2021-05-25 10:22:37.754275,,,,
