mpolicygroup-default-auth,mpolicygroup-default-auth,mpolicygroup-default-auth,superadmin,t,superadmin,2021-05-21 14:02:18.745989,superadmin,2021-05-21 14:02:18.745989,f,
mpolicygroup-deafult-abis,mpolicygroup-deafult-abis,mpolicygroup-deafult-abis,superadmin,t,superadmin,2021-05-21 14:02:18.745989,superadmin,2021-05-21 14:02:18.745989,f,
mpolicygroup-deafult-print,mpolicygroup-deafult-print,mpolicygroup-deafult-print,superadmin,t,superadmin,2021-05-21 14:02:18.745989,superadmin,2021-05-21 14:02:18.745989,f,
mpolicygroup-default-mockdevice,mmpolicygroup-default-mockdevice,mpolicygroup-default-mockdevice,superadmin,t,superadmin,2021-05-21 14:02:18.745989,superadmin,2021-05-21 14:02:18.745989,f,
mpolicygroup-deafult-resident,mpolicygroup-deafult-resident,mpolicygroup-deafult-resident,superadmin,t,superadmin,2021-05-21 14:02:18.745989,superadmin,2021-05-21 14:02:18.745989,f,
mpolicygroup-default-adjudication,mpolicygroup-default-adjudication, mpolicygroup-deafult-resident,superadmin,t,superadmin,2021-05-21 14:02:18.745989,superadmin,2021-05-21 14:02:18.745989,f,
