mpolicygroup-default-auth,mpolicygroup-default-auth,mpolicygroup-default-auth,superadmin,t,superadmin,2021-01-29 09:30:07.156262,superadmin,2021-01-29 09:30:07.156262,,
mpolicygroup-deafult-abis,mpolicygroup-deafult-abis,mpolicygroup-deafult-abis,superadmin,t,superadmin,2021-01-29 09:30:07.156262,superadmin,2021-01-29 09:30:07.156262,,
mpolicygroup-deafult-print,mpolicygroup-deafult-print,mpolicygroup-deafult-print,superadmin,t,superadmin,2021-01-29 09:30:07.156262,superadmin,2021-01-29 09:30:07.156262,,
mpolicygroup-default-mockdevice,mmpolicygroup-default-mockdevice,mpolicygroup-default-mockdevice,superadmin,t,superadmin,2021-01-29 09:30:07.156262,superadmin,2021-01-29 09:30:07.156262,,
mpolicygroup-deafult-resident,mpolicygroup-deafult-resident,mpolicygroup-deafult-resident,superadmin,t,superadmin,2021-01-29 09:30:07.156262,superadmin,2021-01-29 09:30:07.156262,,
mpolicygroup-default-adjudication,mpolicygroup-default-adjudication, mpolicygroup-deafult-resident,superadmin,t,superadmin,2021-01-29 09:30:07.156262,superadmin,2021-01-29 09:30:07.156262,,
90871,Auth Policy Group,Auth Policy Group,110124,t,110124,2021-02-10 06:21:20.918735,,,,
373211,abis_providers,Abis providers,policymanager1,t,policymanager1,2021-03-09 11:21:32.216663,,,,
530817,Device Provider,Device Provider,110122,t,110122,2021-03-12 11:22:36.430593,,,,
