mdevice_detail_default_finger,MOSIP.PROXY.SBI,Finger,Slap,MOSIP,SLAP01,MOSIP,Activated,t,superadmin,2021-01-29 09:29:54.898756,superadmin,2021-01-29 09:29:54.898756,f,
mdevice_detail_default_iris,MOSIP.PROXY.SBI,Iris,Double,MOSIP,IRIS01,MOSIP,Activated,t,superadmin,2021-01-29 09:29:54.898756,superadmin,2021-01-29 09:29:54.898756,f,
2bf00a1a-8a7f-4f10-8b0e-ef79618e358b,SYNCBYTE,Face,Full face,Logitech,C615,SYNCBYTE,Activated,t,110122,2021-03-19 17:30:58.904048,110122,2021-03-19 18:56:55.832651,f,
eda64f6f-223f-4639-a940-7fa6c5c8c46d,SYNCBYTE,Iris,Double,EYECOOL,TCI322,SYNCBYTE,Activated,t,110122,2021-04-12 10:38:52.567671,110122,2021-04-12 10:38:53.64294,f,
51da37fd-f405-441f-8045-9ebbb704749d,SYNCBYTE,Finger,Slap,Aratek,FRO900,SYNCBYTE,Activated,t,110122,2021-04-12 11:10:18.056036,110122,2021-04-12 11:10:19.062891,f,
14d81630-948e-43ef-b805-8dd6036de490,IriTech,Iris,Double,IriShield,BK2121U,IriTech,Activated,t,110122,2021-05-25 10:24:56.623942,110122,2021-05-25 13:20:42.864364,f,
mdevice_detail_default_face,MOSIP.PROXY.SBI,Face,Full face,MOSIP,FACE01,MOSIP,Activated,t,superadmin,2021-01-29 09:29:54.898756,110122,2021-03-10 08:20:02.034966,f,
242425,99XIO,Iris,Double,EYECOOL,TCI322,99X Technology,Activated,t,110122,2021-03-11 04:04:48.592018,110122,2021-03-11 04:15:28.714648,f,
111111,729aaa95-d812-4285-9231-c0200a970401,Finger,Slap,MANTRA,MORPHS60,Mantra Softech India Pvt. Ltd.,Activated,t,110122,2021-03-12 11:40:42.507545,110122,2021-03-12 11:43:10.43023,f,
28e058aa-1565-459e-b8fb-88ecd330967a,729aaa95-d812-4285-9231-c0200a970401,Iris,Double,MANTRA,MATISX,Mantra Softech India Pvt. Ltd.,Activated,t,110122,2021-03-12 13:10:12.460658,110122,2021-03-12 13:17:27.252524,f,
