b692b595-3523-slap-99fc-bd76e35f190f,Registered,76ea9022-5b95-41c5-bf18-960f8c67a6c9,"[1,2,3]","{'"serialNo'":'"1234567890'",'"deviceProvider'":'"MOSIP'",'"deviceProviderId'":'"MOSIP.PROXY.SBI'",'"make'":'"MOSIP'",'"model'":'"SLAP01'",'"dateTime'":'"2020-12-01T13:37:59.402Z'",'"type'":'"Finger'",'"deviceSubType'":'"Slap'"}",1234567890,mdevice_detail_default_finger,Registration,MOSIP.SLAP.1.0.0.0,2021-10-01 12:03:00,L0,,f,t,superadmin,2021-01-29 09:29:54.926581,superadmin,2021-01-29 09:29:54.926581,f,
b692b595-3523-iris-99fc-bd76e35f190f,Registered,9a402e95-303d-49f6-a8e4-55c8f4f9acfc,"[1,2,3]","{'"serialNo'":'"3456789012'",'"deviceProvider'":'"MOSIP'",'"deviceProviderId'":'"MOSIP.PROXY.SBI'",'"make'":'"MOSIP'",'"model'":'"IRIS01'",'"dateTime'":'"2020-12-01T13:36:47.015Z'",'"type'":'"Iris'",'"deviceSubType'":'"Double'"}",3456789012,mdevice_detail_default_iris,Registration,MOSIP.IRIS.1.0.0.0,2021-10-01 12:03:00,L0,,f,t,superadmin,2021-01-29 09:29:54.926581,superadmin,2021-01-29 09:29:54.926581,f,
b692b595-3523-face-99fc-bd76e35f190f,Registered,bf77b975-0d7f-4cb1-8429-33f3939c409a,[0],"{'"serialNo'":'"2345678901'",'"deviceProvider'":'"MOSIP'",'"deviceProviderId'":'"MOSIP.PROXY.SBI'",'"make'":'"MOSIP'",'"model'":'"FACE01'",'"dateTime'":'"2020-12-01T13:32:41.565Z'",'"type'":'"Face'",'"deviceSubType'":'"Full face'"}",2345678901,mdevice_detail_default_face,Registration,MOSIP.FACE.1.0.0.0,2021-10-01 12:03:00,L0,,f,t,superadmin,2021-01-29 09:29:54.926581,superadmin,2021-01-29 09:29:54.926581,f,
9c58939d-57fb-4a65-936c-5c42d2c083e1,Registered,f2b05b79-de57-4dcf-b9b4-30d21fe48f51,[1-2-3],"{'"serialNo'":'"340592560'",'"deviceProvider'":'"SYNCBYTE'",'"deviceProviderId'":'"SYNCBYTE'",'"make'":'"Logitech'",'"model'":'"C615'",'"dateTime'":'"2021-03-19T19:12:20.311Z'",'"type'":'"Face'",'"deviceSubType'":'"Full face'"}",340592560,2bf00a1a-8a7f-4f10-8b0e-ef79618e358b,Registration,1.0.0,2020-12-31 06:12:52.994,L0,,f,t,110122,2021-03-19 19:12:25.341046,,,f,
a36340e9-63f4-4d59-9b85-20170c47a1a1,Registered,75ae3f89-cd2a-44be-a94d-7f7362505b75,"[1,2,3]","{'"serialNo'":'"000009149775'",'"deviceProvider'":'"SYNCBYTE'",'"deviceProviderId'":'"SYNCBYTE'",'"make'":'"EYECOOL'",'"model'":'"TCI322'",'"dateTime'":'"2021-04-12T10:41:48.299Z'",'"type'":'"Iris'",'"deviceSubType'":'"Double'"}",000009149775,eda64f6f-223f-4639-a940-7fa6c5c8c46d,Registration,SB.WIN.001,2020-12-31 06:12:52.994,L0,,f,t,110122,2021-04-12 10:42:14.721989,,,f,
f042fed6-c32f-4e78-85aa-5e7daf0d692a,Registered,1d0390f8-7a84-4881-ae5f-92a4c23810d1,"[1,2,3]","{'"serialNo'":'"C8R1ET07672'",'"deviceProvider'":'"SYNCBYTE'",'"deviceProviderId'":'"SYNCBYTE'",'"make'":'"Aratek'",'"model'":'"FRO900'",'"dateTime'":'"2021-04-12T11:12:45.651Z'",'"type'":'"Finger'",'"deviceSubType'":'"Slap'"}",C8R1ET07672,51da37fd-f405-441f-8045-9ebbb704749d,Registration,SB.WIN.001,2020-12-31 06:12:52.994,L0,,f,t,110122,2021-04-12 11:13:12.220989,,,f,
9f6b499b-09b7-4867-a032-a9ebfb1af1fa,Registered,93ebc136-f8e6-45ad-9145-ec6ac19f40da,"[1,2,3]","{'"serialNo'":'"000003621382'",'"deviceProvider'":'"Mantra Softech India Pvt. Ltd.'",'"deviceProviderId'":'"729aaa95-d812-4285-9231-c0200a970401'",'"make'":'"MANTRA'",'"model'":'"MATISX'",'"dateTime'":'"2021-03-12T13:23:30.080Z'",'"type'":'"Iris'",'"deviceSubType'":'"Double'"}",000003621382,28e058aa-1565-459e-b8fb-88ecd330967a,Registration,1.0.0,2021-12-31 06:12:52.994,L0,,f,t,superadmin,2021-03-12 13:23:32.807621,,,f,
