3795640835,ASSIGNED,defaultadmin@mosip.io,2021-01-29 09:51:33.704139,defaultadmin@mosip.io,2021-02-02 11:30:43.364134,f,
8561893049,ASSIGNED,defaultadmin@mosip.io,2021-01-29 09:51:33.866415,defaultadmin@mosip.io,2021-02-03 10:11:01.979604,f,
8739061421,ASSIGNED,defaultadmin@mosip.io,2021-01-29 09:51:33.892613,defaultadmin@mosip.io,2021-02-03 10:47:26.686444,f,
4679549825,ASSIGNED,defaultadmin@mosip.io,2021-01-29 09:51:33.840774,defaultadmin@mosip.io,2021-02-03 07:17:41.66692,f,
2136197047,ASSIGNED,defaultadmin@mosip.io,2021-01-29 09:51:33.877584,defaultadmin@mosip.io,2021-02-03 10:28:10.644165,f,
3064084710,ASSIGNED,defaultadmin@mosip.io,2021-01-29 09:51:33.928652,defaultadmin@mosip.io,2021-02-03 23:00:09.693018,f,
3481253746,ASSIGNED,defaultadmin@mosip.io,2021-01-29 09:51:33.940573,defaultadmin@mosip.io,2021-02-03 23:00:09.682558,f,
8091461047,ASSIGNED,defaultadmin@mosip.io,2021-01-29 09:51:33.958684,defaultadmin@mosip.io,2021-02-04 04:53:28.964682,f,
2356908912,ASSIGNED,defaultadmin@mosip.io,2021-01-29 09:51:33.971735,defaultadmin@mosip.io,2021-02-04 04:56:04.351653,f,
5290568718,ASSIGNED,defaultadmin@mosip.io,2021-01-29 09:51:33.994108,defaultadmin@mosip.io,2021-02-09 06:12:56.393475,f,
8951297459,ASSIGNED,defaultadmin@mosip.io,2021-01-29 09:51:34.062581,defaultadmin@mosip.io,2021-02-09 13:01:04.500648,f,
7561274872,ASSIGNED,defaultadmin@mosip.io,2021-01-29 09:52:46.460909,defaultadmin@mosip.io,2021-02-09 08:57:37.392554,f,
5071273821,ASSIGNED,defaultadmin@mosip.io,2021-01-29 09:51:34.098535,defaultadmin@mosip.io,2021-02-10 08:06:40.818337,f,
9340249685,ASSIGNED,defaultadmin@mosip.io,2021-01-29 09:51:34.119556,defaultadmin@mosip.io,2021-02-15 05:51:55.695661,f,
3421506175,ASSIGNED,defaultadmin@mosip.io,2021-01-29 09:51:34.135685,defaultadmin@mosip.io,2021-02-15 11:33:07.241693,f,
6723047095,ASSIGNED,defaultadmin@mosip.io,2021-01-29 09:53:26.060687,defaultadmin@mosip.io,2021-02-15 06:53:48.903999,f,
2048536908,ASSIGNED,defaultadmin@mosip.io,2021-01-29 09:52:55.250269,defaultadmin@mosip.io,2021-02-15 07:16:13.794497,f,
8750813615,ASSIGNED,defaultadmin@mosip.io,2021-01-29 09:54:30.814835,defaultadmin@mosip.io,2021-02-15 12:35:54.783466,f,
9643526014,ASSIGNED,defaultadmin@mosip.io,2021-01-29 09:52:55.252577,defaultadmin@mosip.io,2021-03-01 10:50:52.995123,f,
3615962063,ASSIGNED,defaultadmin@mosip.io,2021-01-29 10:16:40.840072,defaultadmin@mosip.io,2021-03-04 09:15:25.063718,f,
2762187314,ASSIGNED,defaultadmin@mosip.io,2021-01-29 09:51:34.145731,defaultadmin@mosip.io,2021-03-05 04:12:03.854316,f,
3547849729,ASSIGNED,defaultadmin@mosip.io,2021-01-29 09:51:34.154439,defaultadmin@mosip.io,2021-03-05 05:01:31.320104,f,
3674524706,ASSIGNED,defaultadmin@mosip.io,2021-01-29 09:51:34.162967,defaultadmin@mosip.io,2021-03-05 05:01:34.638128,f,
5973675170,ASSIGNED,defaultadmin@mosip.io,2021-01-29 09:51:34.175503,defaultadmin@mosip.io,2021-03-05 05:01:37.47559,f,
6927058375,ASSIGNED,defaultadmin@mosip.io,2021-01-29 09:51:34.186336,defaultadmin@mosip.io,2021-03-05 05:13:21.423346,f,
5297856803,ASSIGNED,defaultadmin@mosip.io,2021-01-29 09:51:34.198561,defaultadmin@mosip.io,2021-03-05 05:28:19.144855,f,
5728178365,ASSIGNED,defaultadmin@mosip.io,2021-01-29 09:51:34.206989,defaultadmin@mosip.io,2021-03-05 05:49:26.019932,f,
9465723706,ASSIGNED,defaultadmin@mosip.io,2021-01-29 09:51:34.217673,defaultadmin@mosip.io,2021-03-05 06:58:31.036983,f,
3802491763,ASSIGNED,defaultadmin@mosip.io,2021-01-29 09:51:34.224576,defaultadmin@mosip.io,2021-03-06 14:25:59.72306,f,
8095845076,ASSIGNED,defaultadmin@mosip.io,2021-01-29 09:51:34.23185,defaultadmin@mosip.io,2021-03-06 14:46:15.851087,f,
5392130149,ASSIGNED,defaultadmin@mosip.io,2021-01-29 09:51:34.241151,defaultadmin@mosip.io,2021-03-06 15:03:02.691045,f,
7145085263,ASSIGNED,defaultadmin@mosip.io,2021-01-29 09:51:34.255696,defaultadmin@mosip.io,2021-03-17 23:00:02.66829,f,
3189760926,ASSIGNED,defaultadmin@mosip.io,2021-01-29 09:51:34.265559,defaultadmin@mosip.io,2021-03-19 18:57:19.498473,f,
7683973804,ASSIGNED,defaultadmin@mosip.io,2021-01-29 09:51:34.278488,defaultadmin@mosip.io,2021-03-19 23:00:54.910498,f,
9501387326,ASSIGNED,defaultadmin@mosip.io,2021-01-29 09:51:34.29359,defaultadmin@mosip.io,2021-03-20 02:09:04.617314,f,
9507802965,ASSIGNED,defaultadmin@mosip.io,2021-01-29 09:51:34.327065,defaultadmin@mosip.io,2021-03-22 05:41:17.890335,f,
9815790751,ASSIGNED,defaultadmin@mosip.io,2021-01-29 09:51:34.356548,defaultadmin@mosip.io,2021-03-22 07:10:22.544999,f,
9256312701,ASSIGNED,defaultadmin@mosip.io,2021-01-29 09:51:34.305569,defaultadmin@mosip.io,2021-03-22 04:49:20.023306,f,
5048195621,ASSIGNED,defaultadmin@mosip.io,2021-01-29 09:51:34.374882,defaultadmin@mosip.io,2021-03-22 20:55:49.53629,f,
4730625039,ASSIGNED,defaultadmin@mosip.io,2021-01-29 09:51:34.384526,defaultadmin@mosip.io,2021-03-22 20:55:50.82412,f,
2853413963,ASSIGNED,defaultadmin@mosip.io,2021-01-29 09:51:34.404497,defaultadmin@mosip.io,2021-03-23 05:15:14.021906,f,
3019728124,ASSIGNED,defaultadmin@mosip.io,2021-01-29 09:51:34.448516,defaultadmin@mosip.io,2021-03-24 08:42:04.9178,f,
9176296097,ASSIGNED,defaultadmin@mosip.io,2021-01-29 09:51:34.471552,defaultadmin@mosip.io,2021-03-24 09:25:55.076542,f,
3854016720,ASSIGNED,defaultadmin@mosip.io,2021-01-29 09:51:34.423545,defaultadmin@mosip.io,2021-03-24 08:39:14.282416,f,
3198349701,ASSIGNED,defaultadmin@mosip.io,2021-01-29 09:51:34.492519,defaultadmin@mosip.io,2021-03-25 04:10:00.01841,f,
3906158970,ASSIGNED,defaultadmin@mosip.io,2021-01-29 09:51:34.500139,defaultadmin@mosip.io,2021-03-30 11:01:52.718135,f,
5921863029,ASSIGNED,defaultadmin@mosip.io,2021-01-29 09:51:34.512604,defaultadmin@mosip.io,2021-03-30 11:01:53.968624,f,
9104153921,ASSIGNED,defaultadmin@mosip.io,2021-01-29 09:51:34.525635,defaultadmin@mosip.io,2021-03-31 07:06:47.786019,f,
6379130578,ASSIGNED,defaultadmin@mosip.io,2021-01-29 09:51:34.533354,defaultadmin@mosip.io,2021-04-04 13:25:00.188119,f,
6379351485,ASSIGNED,defaultadmin@mosip.io,2021-01-29 09:51:34.550574,defaultadmin@mosip.io,2021-04-07 04:33:12.956637,f,
5281749205,ASSIGNED,defaultadmin@mosip.io,2021-01-29 09:51:34.541591,defaultadmin@mosip.io,2021-04-07 04:33:11.876018,f,
7813018403,ASSIGNED,defaultadmin@mosip.io,2021-01-29 09:53:40.533918,defaultadmin@mosip.io,2021-04-07 06:55:44.15059,f,
4014392513,ASSIGNED,defaultadmin@mosip.io,2021-01-29 09:51:34.561504,defaultadmin@mosip.io,2021-04-08 11:52:19.280111,f,
6315418043,ASSIGNED,defaultadmin@mosip.io,2021-01-29 09:51:34.569582,defaultadmin@mosip.io,2021-04-20 16:05:20.313643,f,
7153197638,ASSIGNED,defaultadmin@mosip.io,2021-01-29 09:51:34.579585,defaultadmin@mosip.io,2021-04-20 23:00:24.105408,f,
3825867483,ASSIGNED,defaultadmin@mosip.io,2021-01-29 09:51:34.597067,defaultadmin@mosip.io,2021-05-21 08:24:19.916241,f,
9310854290,ASSIGNED,defaultadmin@mosip.io,2021-01-29 09:51:34.605076,defaultadmin@mosip.io,2021-05-21 08:43:39.576856,f,
4952816201,ASSIGNED,defaultadmin@mosip.io,2021-01-29 09:51:34.611793,defaultadmin@mosip.io,2021-05-24 05:31:19.90055,f,
